Workbook

Sheet Societies (Master)
A1: AIMS Member Societies – Master List
A2: ID | B2: Society (official AIMS name) | C2: Region | D2: Section | E2: Section as of | F2: Section history | G2: 23/24 | H2: 24/25 | I2: 25/26 | J2: 26/27 | K2: 27/28 | L2: Seasons active | M2: Name(s) used in season tabs | N2: Notes
A3: =ROW()-2 -> 1 | B3: 9 Arch Musical Society | C3: Western | D3: Gilbert | E3: 26/27 | F3: 23/24: Sullivan · 24/25: Gilbert · 25/26: Gilbert · 26/27: Gilbert · 27/28: Gilbert | G3: =IF(COUNTIF('AIMS Calendar 2324'!$C:$C,$B3)>0,"Y","-") -> Y | H3: =IF(COUNTIF('AIMS Season - 24_25'!$C:$C,$B3)>0,"Y","-") -> Y | I3: =IF(COUNTIF('AIMS Season 2526'!$C:$C,$B3)>0,"Y","-") -> Y | J3: =IF(COUNTIF('AIMS Season 2627'!$C:$C,$B3)>0,"Y","-") -> Y | K3: =IF(COUNTIF('AIMS Season 2728'!$C:$C,$B3)>0,"Y","-") -> Y | L3: =COUNTIF($G3:$K3,"Y") -> 5 | M3: 9 Arch Musical Society; 9Arch MS
A4: =ROW()-2 -> 2 | B4: Achill Musical & Dramatic Society | C4: Western | D4: Non-AIMS | G4: =IF(COUNTIF('AIMS Calendar 2324'!$C:$C,$B4)>0,"Y","-") -> - | H4: =IF(COUNTIF('AIMS Season - 24_25'!$C:$C,$B4)>0,"Y","-") -> Y | I4: =IF(COUNTIF('AIMS Season 2526'!$C:$C,$B4)>0,"Y","-") -> - | J4: =IF(COUNTIF('AIMS Season 2627'!$C:$C,$B4)>0,"Y","-") -> Y | K4: =IF(COUNTIF('AIMS Season 2728'!$C:$C,$B4)>0,"Y","-") -> Y | L4: =COUNTIF($G4:$K4,"Y") -> 3 | M4: Achill Musical & Dramatic Society | N4: Not on AIMS register
A5: =ROW()-2 -> 3 | B5: Aghada Centre Theatre Group | C5: South-West | D5: Gilbert | E5: 26/27 | F5: 23/24: Sullivan · 24/25: Sullivan · 25/26: Gilbert · 26/27: Gilbert · 27/28: Sullivan | G5: =IF(COUNTIF('AIMS Calendar 2324'!$C:$C,$B5)>0,"Y","-") -> Y | H5: =IF(COUNTIF('AIMS Season - 24_25'!$C:$C,$B5)>0,"Y","-") -> Y | I5: =IF(COUNTIF('AIMS Season 2526'!$C:$C,$B5)>0,"Y","-") -> Y | J5: =IF(COUNTIF('AIMS Season 2627'!$C:$C,$B5)>0,"Y","-") -> Y | K5: =IF(COUNTIF('AIMS Season 2728'!$C:$C,$B5)>0,"Y","-") -> Y | L5: =COUNTIF($G5:$K5,"Y") -> 5 | M5: Aghada Centre Theatre Group
A6: =ROW()-2 -> 4 | B6: Athlone Musical Society | C6: Midlands | D6: Gilbert | E6: 26/27 | G6: =IF(COUNTIF('AIMS Calendar 2324'!$C:$C,$B6)>0,"Y","-") -> Y | H6: =IF(COUNTIF('AIMS Season - 24_25'!$C:$C,$B6)>0,"Y","-") -> Y | I6: =IF(COUNTIF('AIMS Season 2526'!$C:$C,$B6)>0,"Y","-") -> Y | J6: =IF(COUNTIF('AIMS Season 2627'!$C:$C,$B6)>0,"Y","-") -> Y | K6: =IF(COUNTIF('AIMS Season 2728'!$C:$C,$B6)>0,"Y","-") -> Y | L6: =COUNTIF($G6:$K6,"Y") -> 5 | M6: Athlone MS
A7: =ROW()-2 -> 5 | B7: Avonmore Musical Society | C7: South-East | D7: Gilbert | E7: 26/27 | F7: 23/24: Gilbert · 24/25: Gilbert · 25/26: Sullivan · 26/27: Gilbert · 27/28: Gilbert | G7: =IF(COUNTIF('AIMS Calendar 2324'!$C:$C,$B7)>0,"Y","-") -> Y | H7: =IF(COUNTIF('AIMS Season - 24_25'!$C:$C,$B7)>0,"Y","-") -> Y | I7: =IF(COUNTIF('AIMS Season 2526'!$C:$C,$B7)>0,"Y","-") -> Y | J7: =IF(COUNTIF('AIMS Season 2627'!$C:$C,$B7)>0,"Y","-") -> Y | K7: =IF(COUNTIF('AIMS Season 2728'!$C:$C,$B7)>0,"Y","-") -> Y | L7: =COUNTIF($G7:$K7,"Y") -> 5 | M7: Avonmore MS
A8: =ROW()-2 -> 6 | B8: Baldoyle Musical Society | C8: Eastern | D8: Sullivan | E8: 26/27 | G8: =IF(COUNTIF('AIMS Calendar 2324'!$C:$C,$B8)>0,"Y","-") -> Y | H8: =IF(COUNTIF('AIMS Season - 24_25'!$C:$C,$B8)>0,"Y","-") -> Y | I8: =IF(COUNTIF('AIMS Season 2526'!$C:$C,$B8)>0,"Y","-") -> Y | J8: =IF(COUNTIF('AIMS Season 2627'!$C:$C,$B8)>0,"Y","-") -> Y | K8: =IF(COUNTIF('AIMS Season 2728'!$C:$C,$B8)>0,"Y","-") -> Y | L8: =COUNTIF($G8:$K8,"Y") -> 5 | M8: Baldoyle MS; Baldoyle Musical Society
A9: =ROW()-2 -> 7 | B9: Ballinasloe Musical Society | C9: Midlands | D9: Sullivan | E9: 26/27 | G9: =IF(COUNTIF('AIMS Calendar 2324'!$C:$C,$B9)>0,"Y","-") -> Y | H9: =IF(COUNTIF('AIMS Season - 24_25'!$C:$C,$B9)>0,"Y","-") -> Y | I9: =IF(COUNTIF('AIMS Season 2526'!$C:$C,$B9)>0,"Y","-") -> Y | J9: =IF(COUNTIF('AIMS Season 2627'!$C:$C,$B9)>0,"Y","-") -> Y | K9: =IF(COUNTIF('AIMS Season 2728'!$C:$C,$B9)>0,"Y","-") -> Y | L9: =COUNTIF($G9:$K9,"Y") -> 5 | M9: Ballinsaloe MS; Ballinsaloe Musical Society
A10: =ROW()-2 -> 8 | B10: Ballinrobe Musical Society | C10: Western | D10: Gilbert | E10: 26/27 | G10: =IF(COUNTIF('AIMS Calendar 2324'!$C:$C,$B10)>0,"Y","-") -> Y | H10: =IF(COUNTIF('AIMS Season - 24_25'!$C:$C,$B10)>0,"Y","-") -> Y | I10: =IF(COUNTIF('AIMS Season 2526'!$C:$C,$B10)>0,"Y","-") -> Y | J10: =IF(COUNTIF('AIMS Season 2627'!$C:$C,$B10)>0,"Y","-") -> Y | K10: =IF(COUNTIF('AIMS Season 2728'!$C:$C,$B10)>0,"Y","-") -> Y | L10: =COUNTIF($G10:$K10,"Y") -> 5 | M10: Ballinrobe MS; Ballinrobe Musical Society
A11: =ROW()-2 -> 9 | B11: Ballyshannon Musical Society | C11: Northern | D11: Sullivan | E11: 26/27 | G11: =IF(COUNTIF('AIMS Calendar 2324'!$C:$C,$B11)>0,"Y","-") -> Y | H11: =IF(COUNTIF('AIMS Season - 24_25'!$C:$C,$B11)>0,"Y","-") -> Y | I11: =IF(COUNTIF('AIMS Season 2526'!$C:$C,$B11)>0,"Y","-") -> Y | J11: =IF(COUNTIF('AIMS Season 2627'!$C:$C,$B11)>0,"Y","-") -> Y | K11: =IF(COUNTIF('AIMS Season 2728'!$C:$C,$B11)>0,"Y","-") -> Y | L11: =COUNTIF($G11:$K11,"Y") -> 5 | M11: Ballyshannon Musical Society
A12: =ROW()-2 -> 10 | B12: Ballywillan Drama Group | C12: Northern | D12: Sullivan | E12: 26/27 | F12: 23/24: Gilbert · 24/25: Sullivan · 25/26: Sullivan · 26/27: Sullivan · 27/28: Sullivan | G12: =IF(COUNTIF('AIMS Calendar 2324'!$C:$C,$B12)>0,"Y","-") -> Y | H12: =IF(COUNTIF('AIMS Season - 24_25'!$C:$C,$B12)>0,"Y","-") -> Y | I12: =IF(COUNTIF('AIMS Season 2526'!$C:$C,$B12)>0,"Y","-") -> Y | J12: =IF(COUNTIF('AIMS Season 2627'!$C:$C,$B12)>0,"Y","-") -> Y | K12: =IF(COUNTIF('AIMS Season 2728'!$C:$C,$B12)>0,"Y","-") -> Y | L12: =COUNTIF($G12:$K12,"Y") -> 5 | M12: Ballywillan Drama Group
A13: =ROW()-2 -> 11 | B13: Banbridge Musical Society | C13: Northern | D13: Gilbert | E13: 24/25 | G13: =IF(COUNTIF('AIMS Calendar 2324'!$C:$C,$B13)>0,"Y","-") -> Y | H13: =IF(COUNTIF('AIMS Season - 24_25'!$C:$C,$B13)>0,"Y","-") -> Y | I13: =IF(COUNTIF('AIMS Season 2526'!$C:$C,$B13)>0,"Y","-") -> - | J13: =IF(COUNTIF('AIMS Season 2627'!$C:$C,$B13)>0,"Y","-") -> - | K13: =IF(COUNTIF('AIMS Season 2728'!$C:$C,$B13)>0,"Y","-") -> Y | L13: =COUNTIF($G13:$K13,"Y") -> 3 | M13: Banbridge Musical Society
A14: =ROW()-2 -> 12 | B14: Belfast Operatic Company | C14: Northern | D14: Gilbert | E14: 26/27 | G14: =IF(COUNTIF('AIMS Calendar 2324'!$C:$C,$B14)>0,"Y","-") -> Y | H14: =IF(COUNTIF('AIMS Season - 24_25'!$C:$C,$B14)>0,"Y","-") -> Y | I14: =IF(COUNTIF('AIMS Season 2526'!$C:$C,$B14)>0,"Y","-") -> Y | J14: =IF(COUNTIF('AIMS Season 2627'!$C:$C,$B14)>0,"Y","-") -> Y | K14: =IF(COUNTIF('AIMS Season 2728'!$C:$C,$B14)>0,"Y","-") -> Y | L14: =COUNTIF($G14:$K14,"Y") -> 5 | M14: Belfast Operatic; Belfast Operatic Company
A15: =ROW()-2 -> 13 | B15: Bellvue Academy of Performing Arts | C15: South-West | D15: Sullivan | E15: 26/27 | G15: =IF(COUNTIF('AIMS Calendar 2324'!$C:$C,$B15)>0,"Y","-") -> Y | H15: =IF(COUNTIF('AIMS Season - 24_25'!$C:$C,$B15)>0,"Y","-") -> Y | I15: =IF(COUNTIF('AIMS Season 2526'!$C:$C,$B15)>0,"Y","-") -> Y | J15: =IF(COUNTIF('AIMS Season 2627'!$C:$C,$B15)>0,"Y","-") -> Y | K15: =IF(COUNTIF('AIMS Season 2728'!$C:$C,$B15)>0,"Y","-") -> Y | L15: =COUNTIF($G15:$K15,"Y") -> 5 | M15: Bellvue Academy; Bellvue Academy of Performing Arts; Bellvue Youth Academy
A16: =ROW()-2 -> 14 | B16: Birr Stage Guild | C16: Midlands | D16: Sullivan | E16: 26/27 | G16: =IF(COUNTIF('AIMS Calendar 2324'!$C:$C,$B16)>0,"Y","-") -> Y | H16: =IF(COUNTIF('AIMS Season - 24_25'!$C:$C,$B16)>0,"Y","-") -> Y | I16: =IF(COUNTIF('AIMS Season 2526'!$C:$C,$B16)>0,"Y","-") -> Y | J16: =IF(COUNTIF('AIMS Season 2627'!$C:$C,$B16)>0,"Y","-") -> Y | K16: =IF(COUNTIF('AIMS Season 2728'!$C:$C,$B16)>0,"Y","-") -> Y | L16: =COUNTIF($G16:$K16,"Y") -> 5 | M16: Birr Stage Guild
A17: =ROW()-2 -> 15 | B17: Bosco Drama Group | C17: Northern | D17: Gilbert | E17: 26/27 | F17: 23/24: Sullivan · 24/25: Gilbert · 25/26: Gilbert · 26/27: Gilbert · 27/28: Gilbert | G17: =IF(COUNTIF('AIMS Calendar 2324'!$C:$C,$B17)>0,"Y","-") -> Y | H17: =IF(COUNTIF('AIMS Season - 24_25'!$C:$C,$B17)>0,"Y","-") -> Y | I17: =IF(COUNTIF('AIMS Season 2526'!$C:$C,$B17)>0,"Y","-") -> Y | J17: =IF(COUNTIF('AIMS Season 2627'!$C:$C,$B17)>0,"Y","-") -> Y | K17: =IF(COUNTIF('AIMS Season 2728'!$C:$C,$B17)>0,"Y","-") -> Y | L17: =COUNTIF($G17:$K17,"Y") -> 5 | M17: BOSCO (Newry)
A18: =ROW()-2 -> 16 | B18: Boyle Musical Society | C18: Western | D18: Sullivan | E18: 26/27 | G18: =IF(COUNTIF('AIMS Calendar 2324'!$C:$C,$B18)>0,"Y","-") -> Y | H18: =IF(COUNTIF('AIMS Season - 24_25'!$C:$C,$B18)>0,"Y","-") -> Y | I18: =IF(COUNTIF('AIMS Season 2526'!$C:$C,$B18)>0,"Y","-") -> Y | J18: =IF(COUNTIF('AIMS Season 2627'!$C:$C,$B18)>0,"Y","-") -> Y | K18: =IF(COUNTIF('AIMS Season 2728'!$C:$C,$B18)>0,"Y","-") -> Y | L18: =COUNTIF($G18:$K18,"Y") -> 5 | M18: Boyle MS; Boyle Musical Society
A19: =ROW()-2 -> 17 | B19: Bravo Theatre Group | C19: Western | D19: Gilbert | E19: 26/27 | G19: =IF(COUNTIF('AIMS Calendar 2324'!$C:$C,$B19)>0,"Y","-") -> Y | H19: =IF(COUNTIF('AIMS Season - 24_25'!$C:$C,$B19)>0,"Y","-") -> Y | I19: =IF(COUNTIF('AIMS Season 2526'!$C:$C,$B19)>0,"Y","-") -> Y | J19: =IF(COUNTIF('AIMS Season 2627'!$C:$C,$B19)>0,"Y","-") -> Y | K19: =IF(COUNTIF('AIMS Season 2728'!$C:$C,$B19)>0,"Y","-") -> Y | L19: =COUNTIF($G19:$K19,"Y") -> 5 | M19: Bravo; Bravo Theatre Group
A20: =ROW()-2 -> 18 | B20: Bray Musical Society | C20: South-East | D20: Sullivan | E20: 26/27 | G20: =IF(COUNTIF('AIMS Calendar 2324'!$C:$C,$B20)>0,"Y","-") -> Y | H20: =IF(COUNTIF('AIMS Season - 24_25'!$C:$C,$B20)>0,"Y","-") -> Y | I20: =IF(COUNTIF('AIMS Season 2526'!$C:$C,$B20)>0,"Y","-") -> Y | J20: =IF(COUNTIF('AIMS Season 2627'!$C:$C,$B20)>0,"Y","-") -> Y | K20: =IF(COUNTIF('AIMS Season 2728'!$C:$C,$B20)>0,"Y","-") -> Y | L20: =COUNTIF($G20:$K20,"Y") -> 5 | M20: Bray MS; Bray Musical Society
A21: =ROW()-2 -> 19 | B21: Carnew Musical Society | C21: South-East | D21: Gilbert | E21: 26/27 | G21: =IF(COUNTIF('AIMS Calendar 2324'!$C:$C,$B21)>0,"Y","-") -> Y | H21: =IF(COUNTIF('AIMS Season - 24_25'!$C:$C,$B21)>0,"Y","-") -> Y | I21: =IF(COUNTIF('AIMS Season 2526'!$C:$C,$B21)>0,"Y","-") -> Y | J21: =IF(COUNTIF('AIMS Season 2627'!$C:$C,$B21)>0,"Y","-") -> Y | K21: =IF(COUNTIF('AIMS Season 2728'!$C:$C,$B21)>0,"Y","-") -> Y | L21: =COUNTIF($G21:$K21,"Y") -> 5 | M21: Carnew MS
A22: =ROW()-2 -> 20 | B22: Carrick-on-Suir Musical Society | C22: South-West | D22: Gilbert | E22: 26/27 | G22: =IF(COUNTIF('AIMS Calendar 2324'!$C:$C,$B22)>0,"Y","-") -> Y | H22: =IF(COUNTIF('AIMS Season - 24_25'!$C:$C,$B22)>0,"Y","-") -> Y | I22: =IF(COUNTIF('AIMS Season 2526'!$C:$C,$B22)>0,"Y","-") -> Y | J22: =IF(COUNTIF('AIMS Season 2627'!$C:$C,$B22)>0,"Y","-") -> Y | K22: =IF(COUNTIF('AIMS Season 2728'!$C:$C,$B22)>0,"Y","-") -> Y | L22: =COUNTIF($G22:$K22,"Y") -> 5 | M22: Carrick-on-Suir; Carrick-on-Suir Musical Society
A23: =ROW()-2 -> 21 | B23: Carrigaline Musical Society | C23: South-West | D23: Sullivan | E23: 26/27 | G23: =IF(COUNTIF('AIMS Calendar 2324'!$C:$C,$B23)>0,"Y","-") -> - | H23: =IF(COUNTIF('AIMS Season - 24_25'!$C:$C,$B23)>0,"Y","-") -> Y | I23: =IF(COUNTIF('AIMS Season 2526'!$C:$C,$B23)>0,"Y","-") -> - | J23: =IF(COUNTIF('AIMS Season 2627'!$C:$C,$B23)>0,"Y","-") -> Y | K23: =IF(COUNTIF('AIMS Season 2728'!$C:$C,$B23)>0,"Y","-") -> Y | L23: =COUNTIF($G23:$K23,"Y") -> 3 | M23: Carrigaline Musical Society
A24: =ROW()-2 -> 22 | B24: Castlebar Musical & Dramatic Society | C24: Western | D24: Sullivan | E24: 26/27 | G24: =IF(COUNTIF('AIMS Calendar 2324'!$C:$C,$B24)>0,"Y","-") -> Y | H24: =IF(COUNTIF('AIMS Season - 24_25'!$C:$C,$B24)>0,"Y","-") -> Y | I24: =IF(COUNTIF('AIMS Season 2526'!$C:$C,$B24)>0,"Y","-") -> Y | J24: =IF(COUNTIF('AIMS Season 2627'!$C:$C,$B24)>0,"Y","-") -> Y | K24: =IF(COUNTIF('AIMS Season 2728'!$C:$C,$B24)>0,"Y","-") -> Y | L24: =COUNTIF($G24:$K24,"Y") -> 5 | M24: Castlebar Musical & Dramatic Society
A25: =ROW()-2 -> 23 | B25: Castlerea Musical Society | C25: Western | D25: Sullivan | E25: 26/27 | G25: =IF(COUNTIF('AIMS Calendar 2324'!$C:$C,$B25)>0,"Y","-") -> Y | H25: =IF(COUNTIF('AIMS Season - 24_25'!$C:$C,$B25)>0,"Y","-") -> Y | I25: =IF(COUNTIF('AIMS Season 2526'!$C:$C,$B25)>0,"Y","-") -> Y | J25: =IF(COUNTIF('AIMS Season 2627'!$C:$C,$B25)>0,"Y","-") -> Y | K25: =IF(COUNTIF('AIMS Season 2728'!$C:$C,$B25)>0,"Y","-") -> Y | L25: =COUNTIF($G25:$K25,"Y") -> 5 | M25: Castlerea; Castlerea Musical Society
A26: =ROW()-2 -> 24 | B26: Cecilian Musical Society, Limerick | C26: South-West | D26: Gilbert | E26: 26/27 | G26: =IF(COUNTIF('AIMS Calendar 2324'!$C:$C,$B26)>0,"Y","-") -> Y | H26: =IF(COUNTIF('AIMS Season - 24_25'!$C:$C,$B26)>0,"Y","-") -> Y | I26: =IF(COUNTIF('AIMS Season 2526'!$C:$C,$B26)>0,"Y","-") -> Y | J26: =IF(COUNTIF('AIMS Season 2627'!$C:$C,$B26)>0,"Y","-") -> Y | K26: =IF(COUNTIF('AIMS Season 2728'!$C:$C,$B26)>0,"Y","-") -> Y | L26: =COUNTIF($G26:$K26,"Y") -> 5 | M26: Cecilian MS Limerick
A27: =ROW()-2 -> 25 | B27: Clane Musical & Dramatic Society | C27: Eastern | D27: Sullivan | E27: 26/27 | F27: 23/24: Sullivan · 24/25: Sullivan · 25/26: Gilbert · 26/27: Sullivan · 27/28: Sullivan | G27: =IF(COUNTIF('AIMS Calendar 2324'!$C:$C,$B27)>0,"Y","-") -> Y | H27: =IF(COUNTIF('AIMS Season - 24_25'!$C:$C,$B27)>0,"Y","-") -> Y | I27: =IF(COUNTIF('AIMS Season 2526'!$C:$C,$B27)>0,"Y","-") -> Y | J27: =IF(COUNTIF('AIMS Season 2627'!$C:$C,$B27)>0,"Y","-") -> Y | K27: =IF(COUNTIF('AIMS Season 2728'!$C:$C,$B27)>0,"Y","-") -> Y | L27: =COUNTIF($G27:$K27,"Y") -> 5 | M27: Clane MS; Clane Musical Society
A28: =ROW()-2 -> 26 | B28: Clara Musical Society | C28: Midlands | D28: Gilbert | E28: 26/27 | G28: =IF(COUNTIF('AIMS Calendar 2324'!$C:$C,$B28)>0,"Y","-") -> Y | H28: =IF(COUNTIF('AIMS Season - 24_25'!$C:$C,$B28)>0,"Y","-") -> Y | I28: =IF(COUNTIF('AIMS Season 2526'!$C:$C,$B28)>0,"Y","-") -> Y | J28: =IF(COUNTIF('AIMS Season 2627'!$C:$C,$B28)>0,"Y","-") -> Y | K28: =IF(COUNTIF('AIMS Season 2728'!$C:$C,$B28)>0,"Y","-") -> Y | L28: =COUNTIF($G28:$K28,"Y") -> 5 | M28: Clara Musical Society
A29: =ROW()-2 -> 27 | B29: Claremorris Musical Society | C29: Western | D29: Sullivan | E29: 26/27 | G29: =IF(COUNTIF('AIMS Calendar 2324'!$C:$C,$B29)>0,"Y","-") -> Y | H29: =IF(COUNTIF('AIMS Season - 24_25'!$C:$C,$B29)>0,"Y","-") -> Y | I29: =IF(COUNTIF('AIMS Season 2526'!$C:$C,$B29)>0,"Y","-") -> Y | J29: =IF(COUNTIF('AIMS Season 2627'!$C:$C,$B29)>0,"Y","-") -> Y | K29: =IF(COUNTIF('AIMS Season 2728'!$C:$C,$B29)>0,"Y","-") -> Y | L29: =COUNTIF($G29:$K29,"Y") -> 5 | M29: Claremorris MS; Claremorris Musical Society
A30: =ROW()-2 -> 28 | B30: Coolmine Musical Society | C30: Eastern | D30: Gilbert | E30: 26/27 | G30: =IF(COUNTIF('AIMS Calendar 2324'!$C:$C,$B30)>0,"Y","-") -> Y | H30: =IF(COUNTIF('AIMS Season - 24_25'!$C:$C,$B30)>0,"Y","-") -> Y | I30: =IF(COUNTIF('AIMS Season 2526'!$C:$C,$B30)>0,"Y","-") -> Y | J30: =IF(COUNTIF('AIMS Season 2627'!$C:$C,$B30)>0,"Y","-") -> Y | K30: =IF(COUNTIF('AIMS Season 2728'!$C:$C,$B30)>0,"Y","-") -> Y | L30: =COUNTIF($G30:$K30,"Y") -> 5 | M30: Coolmine MS
A31: =ROW()-2 -> 29 | B31: Craic Theatre | C31: Northern | D31: Sullivan | E31: 23/24 | G31: =IF(COUNTIF('AIMS Calendar 2324'!$C:$C,$B31)>0,"Y","-") -> Y | H31: =IF(COUNTIF('AIMS Season - 24_25'!$C:$C,$B31)>0,"Y","-") -> - | I31: =IF(COUNTIF('AIMS Season 2526'!$C:$C,$B31)>0,"Y","-") -> - | J31: =IF(COUNTIF('AIMS Season 2627'!$C:$C,$B31)>0,"Y","-") -> - | K31: =IF(COUNTIF('AIMS Season 2728'!$C:$C,$B31)>0,"Y","-") -> - | L31: =COUNTIF($G31:$K31,"Y") -> 1 | M31: CRAIC
A32: =ROW()-2 -> 30 | B32: Creative Minds Productions | C32: South-West | D32: Sullivan | E32: 26/27 | G32: =IF(COUNTIF('AIMS Calendar 2324'!$C:$C,$B32)>0,"Y","-") -> - | H32: =IF(COUNTIF('AIMS Season - 24_25'!$C:$C,$B32)>0,"Y","-") -> - | I32: =IF(COUNTIF('AIMS Season 2526'!$C:$C,$B32)>0,"Y","-") -> Y | J32: =IF(COUNTIF('AIMS Season 2627'!$C:$C,$B32)>0,"Y","-") -> Y | K32: =IF(COUNTIF('AIMS Season 2728'!$C:$C,$B32)>0,"Y","-") -> Y | L32: =COUNTIF($G32:$K32,"Y") -> 3 | M32: Creative Minds Productions
A33: =ROW()-2 -> 31 | B33: DCG Project, The | C33: Eastern | D33: Sullivan | E33: 26/27 | G33: =IF(COUNTIF('AIMS Calendar 2324'!$C:$C,$B33)>0,"Y","-") -> - | H33: =IF(COUNTIF('AIMS Season - 24_25'!$C:$C,$B33)>0,"Y","-") -> - | I33: =IF(COUNTIF('AIMS Season 2526'!$C:$C,$B33)>0,"Y","-") -> - | J33: =IF(COUNTIF('AIMS Season 2627'!$C:$C,$B33)>0,"Y","-") -> Y | K33: =IF(COUNTIF('AIMS Season 2728'!$C:$C,$B33)>0,"Y","-") -> Y | L33: =COUNTIF($G33:$K33,"Y") -> 2 | M33: The DCG Project
A34: =ROW()-2 -> 32 | B34: DCU Drama Society | C34: Eastern | D34: Sullivan | E34: 23/24 | G34: =IF(COUNTIF('AIMS Calendar 2324'!$C:$C,$B34)>0,"Y","-") -> Y | H34: =IF(COUNTIF('AIMS Season - 24_25'!$C:$C,$B34)>0,"Y","-") -> - | I34: =IF(COUNTIF('AIMS Season 2526'!$C:$C,$B34)>0,"Y","-") -> - | J34: =IF(COUNTIF('AIMS Season 2627'!$C:$C,$B34)>0,"Y","-") -> - | K34: =IF(COUNTIF('AIMS Season 2728'!$C:$C,$B34)>0,"Y","-") -> - | L34: =COUNTIF($G34:$K34,"Y") -> 1 | M34: DCU drama
A35: =ROW()-2 -> 33 | B35: Drogheda Musical Society | C35: Eastern | D35: Sullivan | E35: 26/27 | G35: =IF(COUNTIF('AIMS Calendar 2324'!$C:$C,$B35)>0,"Y","-") -> - | H35: =IF(COUNTIF('AIMS Season - 24_25'!$C:$C,$B35)>0,"Y","-") -> - | I35: =IF(COUNTIF('AIMS Season 2526'!$C:$C,$B35)>0,"Y","-") -> Y | J35: =IF(COUNTIF('AIMS Season 2627'!$C:$C,$B35)>0,"Y","-") -> Y | K35: =IF(COUNTIF('AIMS Season 2728'!$C:$C,$B35)>0,"Y","-") -> - | L35: =COUNTIF($G35:$K35,"Y") -> 2 | M35: Drogheda Musical Society
A36: =ROW()-2 -> 34 | B36: Dun Laoghaire Musical & Dramatic Society | C36: Eastern | D36: Gilbert | E36: 26/27 | F36: 23/24: Sullivan · 24/25: Sullivan · 25/26: Gilbert · 26/27: Gilbert · 27/28: Gilbert | G36: =IF(COUNTIF('AIMS Calendar 2324'!$C:$C,$B36)>0,"Y","-") -> Y | H36: =IF(COUNTIF('AIMS Season - 24_25'!$C:$C,$B36)>0,"Y","-") -> Y | I36: =IF(COUNTIF('AIMS Season 2526'!$C:$C,$B36)>0,"Y","-") -> Y | J36: =IF(COUNTIF('AIMS Season 2627'!$C:$C,$B36)>0,"Y","-") -> Y | K36: =IF(COUNTIF('AIMS Season 2728'!$C:$C,$B36)>0,"Y","-") -> Y | L36: =COUNTIF($G36:$K36,"Y") -> 5 | M36: DMDS; Dun Laoghaire MDS Musical Society
A37: =ROW()-2 -> 35 | B37: Dunboyne Musical Society | C37: Eastern | D37: Sullivan | E37: 26/27 | F37: 23/24: Gilbert · 24/25: Gilbert · 25/26: Sullivan · 26/27: Sullivan · 27/28: Gilbert | G37: =IF(COUNTIF('AIMS Calendar 2324'!$C:$C,$B37)>0,"Y","-") -> Y | H37: =IF(COUNTIF('AIMS Season - 24_25'!$C:$C,$B37)>0,"Y","-") -> Y | I37: =IF(COUNTIF('AIMS Season 2526'!$C:$C,$B37)>0,"Y","-") -> Y | J37: =IF(COUNTIF('AIMS Season 2627'!$C:$C,$B37)>0,"Y","-") -> Y | K37: =IF(COUNTIF('AIMS Season 2728'!$C:$C,$B37)>0,"Y","-") -> Y | L37: =COUNTIF($G37:$K37,"Y") -> 5 | M37: Dunboyne MS
A38: =ROW()-2 -> 36 | B38: Dundalk Musical Society | C38: Eastern | D38: Sullivan | E38: 26/27 | G38: =IF(COUNTIF('AIMS Calendar 2324'!$C:$C,$B38)>0,"Y","-") -> Y | H38: =IF(COUNTIF('AIMS Season - 24_25'!$C:$C,$B38)>0,"Y","-") -> Y | I38: =IF(COUNTIF('AIMS Season 2526'!$C:$C,$B38)>0,"Y","-") -> Y | J38: =IF(COUNTIF('AIMS Season 2627'!$C:$C,$B38)>0,"Y","-") -> Y | K38: =IF(COUNTIF('AIMS Season 2728'!$C:$C,$B38)>0,"Y","-") -> Y | L38: =COUNTIF($G38:$K38,"Y") -> 5 | M38: Dundalk Musical Society
A39: =ROW()-2 -> 37 | B39: Dunmore Musical Society | C39: Western | D39: Sullivan | E39: 24/25 | G39: =IF(COUNTIF('AIMS Calendar 2324'!$C:$C,$B39)>0,"Y","-") -> - | H39: =IF(COUNTIF('AIMS Season - 24_25'!$C:$C,$B39)>0,"Y","-") -> Y | I39: =IF(COUNTIF('AIMS Season 2526'!$C:$C,$B39)>0,"Y","-") -> - | J39: =IF(COUNTIF('AIMS Season 2627'!$C:$C,$B39)>0,"Y","-") -> - | K39: =IF(COUNTIF('AIMS Season 2728'!$C:$C,$B39)>0,"Y","-") -> - | L39: =COUNTIF($G39:$K39,"Y") -> 1 | M39: Dunmore Musical Society
A40: =ROW()-2 -> 38 | B40: East Clare Musical Society | C40: South-West | D40: Non-AIMS | G40: =IF(COUNTIF('AIMS Calendar 2324'!$C:$C,$B40)>0,"Y","-") -> - | H40: =IF(COUNTIF('AIMS Season - 24_25'!$C:$C,$B40)>0,"Y","-") -> - | I40: =IF(COUNTIF('AIMS Season 2526'!$C:$C,$B40)>0,"Y","-") -> Y | J40: =IF(COUNTIF('AIMS Season 2627'!$C:$C,$B40)>0,"Y","-") -> Y | K40: =IF(COUNTIF('AIMS Season 2728'!$C:$C,$B40)>0,"Y","-") -> Y | L40: =COUNTIF($G40:$K40,"Y") -> 3 | M40: East Clare Musical Society | N40: Not on AIMS register; region assigned geographically – please confirm
A41: =ROW()-2 -> 39 | B41: Encore Performing Arts Academy | C41: Northern | D41: Sullivan | E41: 23/24 | G41: =IF(COUNTIF('AIMS Calendar 2324'!$C:$C,$B41)>0,"Y","-") -> Y | H41: =IF(COUNTIF('AIMS Season - 24_25'!$C:$C,$B41)>0,"Y","-") -> - | I41: =IF(COUNTIF('AIMS Season 2526'!$C:$C,$B41)>0,"Y","-") -> - | J41: =IF(COUNTIF('AIMS Season 2627'!$C:$C,$B41)>0,"Y","-") -> - | K41: =IF(COUNTIF('AIMS Season 2728'!$C:$C,$B41)>0,"Y","-") -> - | L41: =COUNTIF($G41:$K41,"Y") -> 1 | M41: Encore PPA (Strabane)
A42: =ROW()-2 -> 40 | B42: Ennis Musical Society | C42: South-West | D42: Gilbert | E42: 26/27 | G42: =IF(COUNTIF('AIMS Calendar 2324'!$C:$C,$B42)>0,"Y","-") -> Y | H42: =IF(COUNTIF('AIMS Season - 24_25'!$C:$C,$B42)>0,"Y","-") -> Y | I42: =IF(COUNTIF('AIMS Season 2526'!$C:$C,$B42)>0,"Y","-") -> Y | J42: =IF(COUNTIF('AIMS Season 2627'!$C:$C,$B42)>0,"Y","-") -> Y | K42: =IF(COUNTIF('AIMS Season 2728'!$C:$C,$B42)>0,"Y","-") -> Y | L42: =COUNTIF($G42:$K42,"Y") -> 5 | M42: Ennis Musical Society
A43: =ROW()-2 -> 41 | B43: Enniscorthy Musical Society | C43: South-East | D43: Sullivan | E43: 26/27 | F43: 23/24: Sullivan · 24/25: Sullivan · 25/26: Gilbert · 26/27: Sullivan · 27/28: Sullivan | G43: =IF(COUNTIF('AIMS Calendar 2324'!$C:$C,$B43)>0,"Y","-") -> Y | H43: =IF(COUNTIF('AIMS Season - 24_25'!$C:$C,$B43)>0,"Y","-") -> Y | I43: =IF(COUNTIF('AIMS Season 2526'!$C:$C,$B43)>0,"Y","-") -> Y | J43: =IF(COUNTIF('AIMS Season 2627'!$C:$C,$B43)>0,"Y","-") -> Y | K43: =IF(COUNTIF('AIMS Season 2728'!$C:$C,$B43)>0,"Y","-") -> Y | L43: =COUNTIF($G43:$K43,"Y") -> 5 | M43: Enniscorthy MS; Enniscorthy Musical Society
A44: =ROW()-2 -> 42 | B44: Ennistymon Choral Society | C44: Western | D44: Sullivan | E44: 26/27 | G44: =IF(COUNTIF('AIMS Calendar 2324'!$C:$C,$B44)>0,"Y","-") -> Y | H44: =IF(COUNTIF('AIMS Season - 24_25'!$C:$C,$B44)>0,"Y","-") -> Y | I44: =IF(COUNTIF('AIMS Season 2526'!$C:$C,$B44)>0,"Y","-") -> - | J44: =IF(COUNTIF('AIMS Season 2627'!$C:$C,$B44)>0,"Y","-") -> Y | K44: =IF(COUNTIF('AIMS Season 2728'!$C:$C,$B44)>0,"Y","-") -> Y | L44: =COUNTIF($G44:$K44,"Y") -> 4 | M44: Ennistymon Choral Society
A45: =ROW()-2 -> 43 | B45: Entr'acte Musical Theatre Society | C45: Eastern | D45: Gilbert | E45: 26/27 | G45: =IF(COUNTIF('AIMS Calendar 2324'!$C:$C,$B45)>0,"Y","-") -> Y | H45: =IF(COUNTIF('AIMS Season - 24_25'!$C:$C,$B45)>0,"Y","-") -> Y | I45: =IF(COUNTIF('AIMS Season 2526'!$C:$C,$B45)>0,"Y","-") -> Y | J45: =IF(COUNTIF('AIMS Season 2627'!$C:$C,$B45)>0,"Y","-") -> Y | K45: =IF(COUNTIF('AIMS Season 2728'!$C:$C,$B45)>0,"Y","-") -> Y | L45: =COUNTIF($G45:$K45,"Y") -> 5 | M45: Entr'acte
A46: =ROW()-2 -> 44 | B46: Fermanagh Musical Theatre | C46: Northern | D46: Sullivan | E46: 25/26 | G46: =IF(COUNTIF('AIMS Calendar 2324'!$C:$C,$B46)>0,"Y","-") -> Y | H46: =IF(COUNTIF('AIMS Season - 24_25'!$C:$C,$B46)>0,"Y","-") -> Y | I46: =IF(COUNTIF('AIMS Season 2526'!$C:$C,$B46)>0,"Y","-") -> Y | J46: =IF(COUNTIF('AIMS Season 2627'!$C:$C,$B46)>0,"Y","-") -> Y | K46: =IF(COUNTIF('AIMS Season 2728'!$C:$C,$B46)>0,"Y","-") -> Y | L46: =COUNTIF($G46:$K46,"Y") -> 5 | M46: Fermanagh Musical Theatre
A47: =ROW()-2 -> 45 | B47: Fermoy Musical Society | C47: South-West | D47: Sullivan | E47: 26/27 | G47: =IF(COUNTIF('AIMS Calendar 2324'!$C:$C,$B47)>0,"Y","-") -> - | H47: =IF(COUNTIF('AIMS Season - 24_25'!$C:$C,$B47)>0,"Y","-") -> Y | I47: =IF(COUNTIF('AIMS Season 2526'!$C:$C,$B47)>0,"Y","-") -> Y | J47: =IF(COUNTIF('AIMS Season 2627'!$C:$C,$B47)>0,"Y","-") -> Y | K47: =IF(COUNTIF('AIMS Season 2728'!$C:$C,$B47)>0,"Y","-") -> Y | L47: =COUNTIF($G47:$K47,"Y") -> 4 | M47: Fermoy Musical Society
A48: =ROW()-2 -> 46 | B48: Fortwilliam Musical Society | C48: Northern | D48: Sullivan | E48: 25/26 | G48: =IF(COUNTIF('AIMS Calendar 2324'!$C:$C,$B48)>0,"Y","-") -> Y | H48: =IF(COUNTIF('AIMS Season - 24_25'!$C:$C,$B48)>0,"Y","-") -> Y | I48: =IF(COUNTIF('AIMS Season 2526'!$C:$C,$B48)>0,"Y","-") -> Y | J48: =IF(COUNTIF('AIMS Season 2627'!$C:$C,$B48)>0,"Y","-") -> - | K48: =IF(COUNTIF('AIMS Season 2728'!$C:$C,$B48)>0,"Y","-") -> - | L48: =COUNTIF($G48:$K48,"Y") -> 3 | M48: Fortwilliam MS; Fortwilliam Musical Society
A49: =ROW()-2 -> 47 | B49: Fun House Theatre Company | C49: Midlands | D49: Sullivan | E49: 23/24 | G49: =IF(COUNTIF('AIMS Calendar 2324'!$C:$C,$B49)>0,"Y","-") -> Y | H49: =IF(COUNTIF('AIMS Season - 24_25'!$C:$C,$B49)>0,"Y","-") -> - | I49: =IF(COUNTIF('AIMS Season 2526'!$C:$C,$B49)>0,"Y","-") -> - | J49: =IF(COUNTIF('AIMS Season 2627'!$C:$C,$B49)>0,"Y","-") -> Y | K49: =IF(COUNTIF('AIMS Season 2728'!$C:$C,$B49)>0,"Y","-") -> Y | L49: =COUNTIF($G49:$K49,"Y") -> 3 | M49: Fun House Theatre Company
A50: =ROW()-2 -> 48 | B50: Galway Musical Society | C50: Western | D50: Gilbert | E50: 26/27 | G50: =IF(COUNTIF('AIMS Calendar 2324'!$C:$C,$B50)>0,"Y","-") -> Y | H50: =IF(COUNTIF('AIMS Season - 24_25'!$C:$C,$B50)>0,"Y","-") -> Y | I50: =IF(COUNTIF('AIMS Season 2526'!$C:$C,$B50)>0,"Y","-") -> Y | J50: =IF(COUNTIF('AIMS Season 2627'!$C:$C,$B50)>0,"Y","-") -> Y | K50: =IF(COUNTIF('AIMS Season 2728'!$C:$C,$B50)>0,"Y","-") -> Y | L50: =COUNTIF($G50:$K50,"Y") -> 5 | M50: Galway MS; Galway Musical Society
A51: =ROW()-2 -> 49 | B51: Galway University Musical Society | C51: Western | D51: Gilbert | E51: 26/27 | G51: =IF(COUNTIF('AIMS Calendar 2324'!$C:$C,$B51)>0,"Y","-") -> Y | H51: =IF(COUNTIF('AIMS Season - 24_25'!$C:$C,$B51)>0,"Y","-") -> Y | I51: =IF(COUNTIF('AIMS Season 2526'!$C:$C,$B51)>0,"Y","-") -> Y | J51: =IF(COUNTIF('AIMS Season 2627'!$C:$C,$B51)>0,"Y","-") -> Y | K51: =IF(COUNTIF('AIMS Season 2728'!$C:$C,$B51)>0,"Y","-") -> Y | L51: =COUNTIF($G51:$K51,"Y") -> 5 | M51: GUMS
A52: =ROW()-2 -> 50 | B52: Glenamaddy Musical Society | C52: Western | D52: Sullivan | E52: 26/27 | G52: =IF(COUNTIF('AIMS Calendar 2324'!$C:$C,$B52)>0,"Y","-") -> Y | H52: =IF(COUNTIF('AIMS Season - 24_25'!$C:$C,$B52)>0,"Y","-") -> Y | I52: =IF(COUNTIF('AIMS Season 2526'!$C:$C,$B52)>0,"Y","-") -> - | J52: =IF(COUNTIF('AIMS Season 2627'!$C:$C,$B52)>0,"Y","-") -> Y | K52: =IF(COUNTIF('AIMS Season 2728'!$C:$C,$B52)>0,"Y","-") -> Y | L52: =COUNTIF($G52:$K52,"Y") -> 4 | M52: Glenamaddy Musical Society
A53: =ROW()-2 -> 51 | B53: Glencullen Dundrum MDS | C53: Eastern | D53: Sullivan | E53: 26/27 | F53: 23/24: Sullivan · 24/25: Sullivan · 25/26: Gilbert · 26/27: Sullivan · 27/28: Sullivan | G53: =IF(COUNTIF('AIMS Calendar 2324'!$C:$C,$B53)>0,"Y","-") -> Y | H53: =IF(COUNTIF('AIMS Season - 24_25'!$C:$C,$B53)>0,"Y","-") -> Y | I53: =IF(COUNTIF('AIMS Season 2526'!$C:$C,$B53)>0,"Y","-") -> Y | J53: =IF(COUNTIF('AIMS Season 2627'!$C:$C,$B53)>0,"Y","-") -> Y | K53: =IF(COUNTIF('AIMS Season 2728'!$C:$C,$B53)>0,"Y","-") -> Y | L53: =COUNTIF($G53:$K53,"Y") -> 5 | M53: Glencullen Dundrum; Glencullen Dundrum Musical Society
A54: =ROW()-2 -> 52 | B54: Gorey Musical Society | C54: South-East | D54: Gilbert | E54: 26/27 | G54: =IF(COUNTIF('AIMS Calendar 2324'!$C:$C,$B54)>0,"Y","-") -> Y | H54: =IF(COUNTIF('AIMS Season - 24_25'!$C:$C,$B54)>0,"Y","-") -> Y | I54: =IF(COUNTIF('AIMS Season 2526'!$C:$C,$B54)>0,"Y","-") -> Y | J54: =IF(COUNTIF('AIMS Season 2627'!$C:$C,$B54)>0,"Y","-") -> Y | K54: =IF(COUNTIF('AIMS Season 2728'!$C:$C,$B54)>0,"Y","-") -> Y | L54: =COUNTIF($G54:$K54,"Y") -> 5 | M54: Gorey; Gorey MS; Gorey Musical Society
A55: =ROW()-2 -> 53 | B55: Greasepaint Productions | C55: Northern | D55: Sullivan | E55: 25/26 | G55: =IF(COUNTIF('AIMS Calendar 2324'!$C:$C,$B55)>0,"Y","-") -> - | H55: =IF(COUNTIF('AIMS Season - 24_25'!$C:$C,$B55)>0,"Y","-") -> - | I55: =IF(COUNTIF('AIMS Season 2526'!$C:$C,$B55)>0,"Y","-") -> Y | J55: =IF(COUNTIF('AIMS Season 2627'!$C:$C,$B55)>0,"Y","-") -> - | K55: =IF(COUNTIF('AIMS Season 2728'!$C:$C,$B55)>0,"Y","-") -> - | L55: =COUNTIF($G55:$K55,"Y") -> 1 | M55: Greasepaint Productions
A56: =ROW()-2 -> 54 | B56: Harolds Cross Tallaght Musical Society | C56: Eastern | D56: Sullivan | E56: 26/27 | F56: 23/24: Gilbert · 24/25: Gilbert · 25/26: Sullivan · 26/27: Sullivan · 27/28: Sullivan | G56: =IF(COUNTIF('AIMS Calendar 2324'!$C:$C,$B56)>0,"Y","-") -> Y | H56: =IF(COUNTIF('AIMS Season - 24_25'!$C:$C,$B56)>0,"Y","-") -> Y | I56: =IF(COUNTIF('AIMS Season 2526'!$C:$C,$B56)>0,"Y","-") -> Y | J56: =IF(COUNTIF('AIMS Season 2627'!$C:$C,$B56)>0,"Y","-") -> Y | K56: =IF(COUNTIF('AIMS Season 2728'!$C:$C,$B56)>0,"Y","-") -> Y | L56: =COUNTIF($G56:$K56,"Y") -> 5 | M56: HXT MS
A57: =ROW()-2 -> 55 | B57: Jack Cunningham Productions | C57: South-East | D57: Gilbert | E57: 26/27 | F57: 23/24: Sullivan · 24/25: Gilbert · 25/26: Gilbert · 26/27: Gilbert · 27/28: Gilbert | G57: =IF(COUNTIF('AIMS Calendar 2324'!$C:$C,$B57)>0,"Y","-") -> Y | H57: =IF(COUNTIF('AIMS Season - 24_25'!$C:$C,$B57)>0,"Y","-") -> Y | I57: =IF(COUNTIF('AIMS Season 2526'!$C:$C,$B57)>0,"Y","-") -> Y | J57: =IF(COUNTIF('AIMS Season 2627'!$C:$C,$B57)>0,"Y","-") -> Y | K57: =IF(COUNTIF('AIMS Season 2728'!$C:$C,$B57)>0,"Y","-") -> Y | L57: =COUNTIF($G57:$K57,"Y") -> 5 | M57: JCP; Jack Cunningham Productions
A58: =ROW()-2 -> 56 | B58: Kilcock Musical & Dramatic Society | C58: Eastern | D58: Gilbert | E58: 26/27 | G58: =IF(COUNTIF('AIMS Calendar 2324'!$C:$C,$B58)>0,"Y","-") -> Y | H58: =IF(COUNTIF('AIMS Season - 24_25'!$C:$C,$B58)>0,"Y","-") -> Y | I58: =IF(COUNTIF('AIMS Season 2526'!$C:$C,$B58)>0,"Y","-") -> Y | J58: =IF(COUNTIF('AIMS Season 2627'!$C:$C,$B58)>0,"Y","-") -> Y | K58: =IF(COUNTIF('AIMS Season 2728'!$C:$C,$B58)>0,"Y","-") -> Y | L58: =COUNTIF($G58:$K58,"Y") -> 5 | M58: Kilcock MS; Kilcock Musical Society
A59: =ROW()-2 -> 57 | B59: Kilkenny Musical Society | C59: South-East | D59: Gilbert | E59: 26/27 | G59: =IF(COUNTIF('AIMS Calendar 2324'!$C:$C,$B59)>0,"Y","-") -> Y | H59: =IF(COUNTIF('AIMS Season - 24_25'!$C:$C,$B59)>0,"Y","-") -> Y | I59: =IF(COUNTIF('AIMS Season 2526'!$C:$C,$B59)>0,"Y","-") -> - | J59: =IF(COUNTIF('AIMS Season 2627'!$C:$C,$B59)>0,"Y","-") -> Y | K59: =IF(COUNTIF('AIMS Season 2728'!$C:$C,$B59)>0,"Y","-") -> Y | L59: =COUNTIF($G59:$K59,"Y") -> 4 | M59: Kilkenny MS; Kilkenny Musical Society
A60: =ROW()-2 -> 58 | B60: Kill Musical & Dramatic Society | C60: Eastern | D60: Sullivan | E60: 26/27 | G60: =IF(COUNTIF('AIMS Calendar 2324'!$C:$C,$B60)>0,"Y","-") -> - | H60: =IF(COUNTIF('AIMS Season - 24_25'!$C:$C,$B60)>0,"Y","-") -> Y | I60: =IF(COUNTIF('AIMS Season 2526'!$C:$C,$B60)>0,"Y","-") -> - | J60: =IF(COUNTIF('AIMS Season 2627'!$C:$C,$B60)>0,"Y","-") -> Y | K60: =IF(COUNTIF('AIMS Season 2728'!$C:$C,$B60)>0,"Y","-") -> Y | L60: =COUNTIF($G60:$K60,"Y") -> 3 | M60: Kill Musical & Dramatic Society
A61: =ROW()-2 -> 59 | B61: Killarney Musical Society | C61: South-West | D61: Gilbert | E61: 26/27 | F61: 23/24: Sullivan · 24/25: Gilbert · 25/26: Gilbert · 26/27: Gilbert · 27/28: Gilbert | G61: =IF(COUNTIF('AIMS Calendar 2324'!$C:$C,$B61)>0,"Y","-") -> Y | H61: =IF(COUNTIF('AIMS Season - 24_25'!$C:$C,$B61)>0,"Y","-") -> Y | I61: =IF(COUNTIF('AIMS Season 2526'!$C:$C,$B61)>0,"Y","-") -> Y | J61: =IF(COUNTIF('AIMS Season 2627'!$C:$C,$B61)>0,"Y","-") -> Y | K61: =IF(COUNTIF('AIMS Season 2728'!$C:$C,$B61)>0,"Y","-") -> Y | L61: =COUNTIF($G61:$K61,"Y") -> 5 | M61: Killarney Musical Society
A62: =ROW()-2 -> 60 | B62: Kilmacud Musical Society | C62: Eastern | D62: Sullivan | E62: 26/27 | G62: =IF(COUNTIF('AIMS Calendar 2324'!$C:$C,$B62)>0,"Y","-") -> Y | H62: =IF(COUNTIF('AIMS Season - 24_25'!$C:$C,$B62)>0,"Y","-") -> Y | I62: =IF(COUNTIF('AIMS Season 2526'!$C:$C,$B62)>0,"Y","-") -> Y | J62: =IF(COUNTIF('AIMS Season 2627'!$C:$C,$B62)>0,"Y","-") -> Y | K62: =IF(COUNTIF('AIMS Season 2728'!$C:$C,$B62)>0,"Y","-") -> Y | L62: =COUNTIF($G62:$K62,"Y") -> 5 | M62: Kilmacud MS; Kilmacud Musical Society
A63: =ROW()-2 -> 61 | B63: Kilmainham Inchicore Musical Society | C63: Eastern | D63: Gilbert | E63: 26/27 | F63: 23/24: Sullivan · 24/25: Gilbert · 25/26: Gilbert · 26/27: Gilbert · 27/28: Gilbert | G63: =IF(COUNTIF('AIMS Calendar 2324'!$C:$C,$B63)>0,"Y","-") -> Y | H63: =IF(COUNTIF('AIMS Season - 24_25'!$C:$C,$B63)>0,"Y","-") -> Y | I63: =IF(COUNTIF('AIMS Season 2526'!$C:$C,$B63)>0,"Y","-") -> Y | J63: =IF(COUNTIF('AIMS Season 2627'!$C:$C,$B63)>0,"Y","-") -> Y | K63: =IF(COUNTIF('AIMS Season 2728'!$C:$C,$B63)>0,"Y","-") -> Y | L63: =COUNTIF($G63:$K63,"Y") -> 5 | M63: KIMS; Kilmainham Inchicore MS (KIMS)
A64: =ROW()-2 -> 62 | B64: Kilrush Choral Society | C64: South-West | D64: Sullivan | E64: 26/27 | G64: =IF(COUNTIF('AIMS Calendar 2324'!$C:$C,$B64)>0,"Y","-") -> Y | H64: =IF(COUNTIF('AIMS Season - 24_25'!$C:$C,$B64)>0,"Y","-") -> Y | I64: =IF(COUNTIF('AIMS Season 2526'!$C:$C,$B64)>0,"Y","-") -> - | J64: =IF(COUNTIF('AIMS Season 2627'!$C:$C,$B64)>0,"Y","-") -> Y | K64: =IF(COUNTIF('AIMS Season 2728'!$C:$C,$B64)>0,"Y","-") -> Y | L64: =COUNTIF($G64:$K64,"Y") -> 4 | M64: Kilrush Choral Society
A65: =ROW()-2 -> 63 | B65: Leixlip Musical & Variety Group | C65: Eastern | D65: Gilbert | E65: 26/27 | G65: =IF(COUNTIF('AIMS Calendar 2324'!$C:$C,$B65)>0,"Y","-") -> Y | H65: =IF(COUNTIF('AIMS Season - 24_25'!$C:$C,$B65)>0,"Y","-") -> Y | I65: =IF(COUNTIF('AIMS Season 2526'!$C:$C,$B65)>0,"Y","-") -> Y | J65: =IF(COUNTIF('AIMS Season 2627'!$C:$C,$B65)>0,"Y","-") -> Y | K65: =IF(COUNTIF('AIMS Season 2728'!$C:$C,$B65)>0,"Y","-") -> Y | L65: =COUNTIF($G65:$K65,"Y") -> 5 | M65: Leixlip MVG
A66: =ROW()-2 -> 64 | B66: Letterkenny Music & Drama Group | C66: Northern | D66: Sullivan | E66: 26/27 | F66: 23/24: Sullivan · 24/25: Sullivan · 25/26: Gilbert · 26/27: Sullivan · 27/28: Sullivan | G66: =IF(COUNTIF('AIMS Calendar 2324'!$C:$C,$B66)>0,"Y","-") -> Y | H66: =IF(COUNTIF('AIMS Season - 24_25'!$C:$C,$B66)>0,"Y","-") -> Y | I66: =IF(COUNTIF('AIMS Season 2526'!$C:$C,$B66)>0,"Y","-") -> Y | J66: =IF(COUNTIF('AIMS Season 2627'!$C:$C,$B66)>0,"Y","-") -> Y | K66: =IF(COUNTIF('AIMS Season 2728'!$C:$C,$B66)>0,"Y","-") -> Y | L66: =COUNTIF($G66:$K66,"Y") -> 5 | M66: Letterkenny MDG
A67: =ROW()-2 -> 65 | B67: Letterkenny Musical Society | C67: Northern | D67: Sullivan | E67: 26/27 | G67: =IF(COUNTIF('AIMS Calendar 2324'!$C:$C,$B67)>0,"Y","-") -> Y | H67: =IF(COUNTIF('AIMS Season - 24_25'!$C:$C,$B67)>0,"Y","-") -> Y | I67: =IF(COUNTIF('AIMS Season 2526'!$C:$C,$B67)>0,"Y","-") -> Y | J67: =IF(COUNTIF('AIMS Season 2627'!$C:$C,$B67)>0,"Y","-") -> Y | K67: =IF(COUNTIF('AIMS Season 2728'!$C:$C,$B67)>0,"Y","-") -> Y | L67: =COUNTIF($G67:$K67,"Y") -> 5 | M67: Letterkenny Musical Society
A68: =ROW()-2 -> 66 | B68: Light Opera Society of Tralee (LOST) | C68: South-West | D68: Sullivan | E68: 26/27 | G68: =IF(COUNTIF('AIMS Calendar 2324'!$C:$C,$B68)>0,"Y","-") -> Y | H68: =IF(COUNTIF('AIMS Season - 24_25'!$C:$C,$B68)>0,"Y","-") -> Y | I68: =IF(COUNTIF('AIMS Season 2526'!$C:$C,$B68)>0,"Y","-") -> Y | J68: =IF(COUNTIF('AIMS Season 2627'!$C:$C,$B68)>0,"Y","-") -> Y | K68: =IF(COUNTIF('AIMS Season 2728'!$C:$C,$B68)>0,"Y","-") -> Y | L68: =COUNTIF($G68:$K68,"Y") -> 5 | M68: LOST; Light Opera Society Tralee
A69: =ROW()-2 -> 67 | B69: Limerick Musical Society | C69: South-West | D69: Sullivan | E69: 26/27 | G69: =IF(COUNTIF('AIMS Calendar 2324'!$C:$C,$B69)>0,"Y","-") -> Y | H69: =IF(COUNTIF('AIMS Season - 24_25'!$C:$C,$B69)>0,"Y","-") -> Y | I69: =IF(COUNTIF('AIMS Season 2526'!$C:$C,$B69)>0,"Y","-") -> Y | J69: =IF(COUNTIF('AIMS Season 2627'!$C:$C,$B69)>0,"Y","-") -> Y | K69: =IF(COUNTIF('AIMS Season 2728'!$C:$C,$B69)>0,"Y","-") -> Y | L69: =COUNTIF($G69:$K69,"Y") -> 5 | M69: Limerick MS; Limerick Musical Society
A70: =ROW()-2 -> 68 | B70: Lisnagarvey Operatic and Dramatic Society | C70: Northern | D70: Sullivan | E70: 26/27 | G70: =IF(COUNTIF('AIMS Calendar 2324'!$C:$C,$B70)>0,"Y","-") -> Y | H70: =IF(COUNTIF('AIMS Season - 24_25'!$C:$C,$B70)>0,"Y","-") -> - | I70: =IF(COUNTIF('AIMS Season 2526'!$C:$C,$B70)>0,"Y","-") -> Y | J70: =IF(COUNTIF('AIMS Season 2627'!$C:$C,$B70)>0,"Y","-") -> Y | K70: =IF(COUNTIF('AIMS Season 2728'!$C:$C,$B70)>0,"Y","-") -> - | L70: =COUNTIF($G70:$K70,"Y") -> 3 | M70: Lisnagarvey; Lisnagarvey Operatic & Dramatic Society
A71: =ROW()-2 -> 69 | B71: Londonderry Musical Society | C71: Northern | D71: Gilbert | E71: 25/26 | F71: 23/24: Sullivan · 24/25: Sullivan · 25/26: Gilbert | G71: =IF(COUNTIF('AIMS Calendar 2324'!$C:$C,$B71)>0,"Y","-") -> Y | H71: =IF(COUNTIF('AIMS Season - 24_25'!$C:$C,$B71)>0,"Y","-") -> Y | I71: =IF(COUNTIF('AIMS Season 2526'!$C:$C,$B71)>0,"Y","-") -> Y | J71: =IF(COUNTIF('AIMS Season 2627'!$C:$C,$B71)>0,"Y","-") -> - | K71: =IF(COUNTIF('AIMS Season 2728'!$C:$C,$B71)>0,"Y","-") -> - | L71: =COUNTIF($G71:$K71,"Y") -> 3 | M71: Londonderry MS; Londonderry Musical Society
A72: =ROW()-2 -> 70 | B72: Malahide Musical & Dramatic Society | C72: Eastern | D72: Gilbert | E72: 26/27 | G72: =IF(COUNTIF('AIMS Calendar 2324'!$C:$C,$B72)>0,"Y","-") -> Y | H72: =IF(COUNTIF('AIMS Season - 24_25'!$C:$C,$B72)>0,"Y","-") -> Y | I72: =IF(COUNTIF('AIMS Season 2526'!$C:$C,$B72)>0,"Y","-") -> Y | J72: =IF(COUNTIF('AIMS Season 2627'!$C:$C,$B72)>0,"Y","-") -> Y | K72: =IF(COUNTIF('AIMS Season 2728'!$C:$C,$B72)>0,"Y","-") -> Y | L72: =COUNTIF($G72:$K72,"Y") -> 5 | M72: Malahide; Malahide Musical & Dramatic Society; Malahide Musical& Dramatic Society
A73: =ROW()-2 -> 71 | B73: Marian Choral Society, Tuam | C73: Western | D73: Gilbert | E73: 26/27 | G73: =IF(COUNTIF('AIMS Calendar 2324'!$C:$C,$B73)>0,"Y","-") -> Y | H73: =IF(COUNTIF('AIMS Season - 24_25'!$C:$C,$B73)>0,"Y","-") -> Y | I73: =IF(COUNTIF('AIMS Season 2526'!$C:$C,$B73)>0,"Y","-") -> Y | J73: =IF(COUNTIF('AIMS Season 2627'!$C:$C,$B73)>0,"Y","-") -> Y | K73: =IF(COUNTIF('AIMS Season 2728'!$C:$C,$B73)>0,"Y","-") -> Y | L73: =COUNTIF($G73:$K73,"Y") -> 5 | M73: MCS; Marian Choral Society
A74: =ROW()-2 -> 72 | B74: Mary I Dramatic Arts Society | C74: South-West | D74: Sullivan | E74: 26/27 | G74: =IF(COUNTIF('AIMS Calendar 2324'!$C:$C,$B74)>0,"Y","-") -> Y | H74: =IF(COUNTIF('AIMS Season - 24_25'!$C:$C,$B74)>0,"Y","-") -> Y | I74: =IF(COUNTIF('AIMS Season 2526'!$C:$C,$B74)>0,"Y","-") -> Y | J74: =IF(COUNTIF('AIMS Season 2627'!$C:$C,$B74)>0,"Y","-") -> Y | K74: =IF(COUNTIF('AIMS Season 2728'!$C:$C,$B74)>0,"Y","-") -> Y | L74: =COUNTIF($G74:$K74,"Y") -> 5 | M74: MIDAS
A75: =ROW()-2 -> 73 | B75: Maynooth University Musical and Dramatics Society | C75: Eastern | D75: Gilbert | E75: 26/27 | G75: =IF(COUNTIF('AIMS Calendar 2324'!$C:$C,$B75)>0,"Y","-") -> Y | H75: =IF(COUNTIF('AIMS Season - 24_25'!$C:$C,$B75)>0,"Y","-") -> Y | I75: =IF(COUNTIF('AIMS Season 2526'!$C:$C,$B75)>0,"Y","-") -> Y | J75: =IF(COUNTIF('AIMS Season 2627'!$C:$C,$B75)>0,"Y","-") -> Y | K75: =IF(COUNTIF('AIMS Season 2728'!$C:$C,$B75)>0,"Y","-") -> Y | L75: =COUNTIF($G75:$K75,"Y") -> 5 | M75: MU Musical Society
A76: =ROW()-2 -> 74 | B76: Mitchelstown Musical Society | C76: South-West | D76: Gilbert | E76: 26/27 | F76: 23/24: Sullivan · 24/25: Gilbert · 25/26: Gilbert · 26/27: Gilbert · 27/28: Gilbert | G76: =IF(COUNTIF('AIMS Calendar 2324'!$C:$C,$B76)>0,"Y","-") -> Y | H76: =IF(COUNTIF('AIMS Season - 24_25'!$C:$C,$B76)>0,"Y","-") -> Y | I76: =IF(COUNTIF('AIMS Season 2526'!$C:$C,$B76)>0,"Y","-") -> Y | J76: =IF(COUNTIF('AIMS Season 2627'!$C:$C,$B76)>0,"Y","-") -> Y | K76: =IF(COUNTIF('AIMS Season 2728'!$C:$C,$B76)>0,"Y","-") -> Y | L76: =COUNTIF($G76:$K76,"Y") -> 5 | M76: Mitchelstown Musical Society
A77: =ROW()-2 -> 75 | B77: Muse Productions | C77: South-West | D77: Gilbert | E77: 26/27 | G77: =IF(COUNTIF('AIMS Calendar 2324'!$C:$C,$B77)>0,"Y","-") -> - | H77: =IF(COUNTIF('AIMS Season - 24_25'!$C:$C,$B77)>0,"Y","-") -> Y | I77: =IF(COUNTIF('AIMS Season 2526'!$C:$C,$B77)>0,"Y","-") -> Y | J77: =IF(COUNTIF('AIMS Season 2627'!$C:$C,$B77)>0,"Y","-") -> Y | K77: =IF(COUNTIF('AIMS Season 2728'!$C:$C,$B77)>0,"Y","-") -> Y | L77: =COUNTIF($G77:$K77,"Y") -> 4 | M77: Muse Productions
A78: =ROW()-2 -> 76 | B78: Naas Musical Society | C78: Eastern | D78: Sullivan | E78: 26/27 | G78: =IF(COUNTIF('AIMS Calendar 2324'!$C:$C,$B78)>0,"Y","-") -> Y | H78: =IF(COUNTIF('AIMS Season - 24_25'!$C:$C,$B78)>0,"Y","-") -> Y | I78: =IF(COUNTIF('AIMS Season 2526'!$C:$C,$B78)>0,"Y","-") -> Y | J78: =IF(COUNTIF('AIMS Season 2627'!$C:$C,$B78)>0,"Y","-") -> Y | K78: =IF(COUNTIF('AIMS Season 2728'!$C:$C,$B78)>0,"Y","-") -> Y | L78: =COUNTIF($G78:$K78,"Y") -> 5 | M78: Naas; Naas Musical Society
A79: =ROW()-2 -> 77 | B79: Nenagh Choral Society Ltd | C79: South-West | D79: Sullivan | E79: 26/27 | G79: =IF(COUNTIF('AIMS Calendar 2324'!$C:$C,$B79)>0,"Y","-") -> Y | H79: =IF(COUNTIF('AIMS Season - 24_25'!$C:$C,$B79)>0,"Y","-") -> Y | I79: =IF(COUNTIF('AIMS Season 2526'!$C:$C,$B79)>0,"Y","-") -> Y | J79: =IF(COUNTIF('AIMS Season 2627'!$C:$C,$B79)>0,"Y","-") -> Y | K79: =IF(COUNTIF('AIMS Season 2728'!$C:$C,$B79)>0,"Y","-") -> Y | L79: =COUNTIF($G79:$K79,"Y") -> 5 | M79: Nenagh Choral Society
A80: =ROW()-2 -> 78 | B80: Nenagh Choral Society Youth Academy | C80: South-West | D80: Gilbert | E80: 26/27 | F80: 23/24: Sullivan · 24/25: Gilbert · 25/26: Gilbert · 26/27: Gilbert · 27/28: Gilbert | G80: =IF(COUNTIF('AIMS Calendar 2324'!$C:$C,$B80)>0,"Y","-") -> Y | H80: =IF(COUNTIF('AIMS Season - 24_25'!$C:$C,$B80)>0,"Y","-") -> Y | I80: =IF(COUNTIF('AIMS Season 2526'!$C:$C,$B80)>0,"Y","-") -> Y | J80: =IF(COUNTIF('AIMS Season 2627'!$C:$C,$B80)>0,"Y","-") -> Y | K80: =IF(COUNTIF('AIMS Season 2728'!$C:$C,$B80)>0,"Y","-") -> Y | L80: =COUNTIF($G80:$K80,"Y") -> 5 | M80: Nenagh Choral Society Youth Academy
A81: =ROW()-2 -> 79 | B81: New Ross Musical Society | C81: South-East | D81: Sullivan | E81: 26/27 | F81: 23/24: Gilbert · 24/25: Gilbert · 25/26: Sullivan · 26/27: Sullivan · 27/28: Gilbert | G81: =IF(COUNTIF('AIMS Calendar 2324'!$C:$C,$B81)>0,"Y","-") -> Y | H81: =IF(COUNTIF('AIMS Season - 24_25'!$C:$C,$B81)>0,"Y","-") -> Y | I81: =IF(COUNTIF('AIMS Season 2526'!$C:$C,$B81)>0,"Y","-") -> Y | J81: =IF(COUNTIF('AIMS Season 2627'!$C:$C,$B81)>0,"Y","-") -> Y | K81: =IF(COUNTIF('AIMS Season 2728'!$C:$C,$B81)>0,"Y","-") -> Y | L81: =COUNTIF($G81:$K81,"Y") -> 5 | M81: NRMS; New Ross Musical Society
A82: =ROW()-2 -> 80 | B82: Newbridge Musical Society | C82: Midlands | D82: Gilbert | E82: 26/27 | F82: 23/24: Gilbert · 24/25: Gilbert · 25/26: Sullivan · 26/27: Gilbert · 27/28: Gilbert | G82: =IF(COUNTIF('AIMS Calendar 2324'!$C:$C,$B82)>0,"Y","-") -> Y | H82: =IF(COUNTIF('AIMS Season - 24_25'!$C:$C,$B82)>0,"Y","-") -> Y | I82: =IF(COUNTIF('AIMS Season 2526'!$C:$C,$B82)>0,"Y","-") -> Y | J82: =IF(COUNTIF('AIMS Season 2627'!$C:$C,$B82)>0,"Y","-") -> Y | K82: =IF(COUNTIF('AIMS Season 2728'!$C:$C,$B82)>0,"Y","-") -> Y | L82: =COUNTIF($G82:$K82,"Y") -> 5 | M82: Newbridge MS; Newbridge Musical Theatre
A83: =ROW()-2 -> 81 | B83: Newcastle Glees Musical Society | C83: Northern | D83: Gilbert | E83: 26/27 | G83: =IF(COUNTIF('AIMS Calendar 2324'!$C:$C,$B83)>0,"Y","-") -> Y | H83: =IF(COUNTIF('AIMS Season - 24_25'!$C:$C,$B83)>0,"Y","-") -> Y | I83: =IF(COUNTIF('AIMS Season 2526'!$C:$C,$B83)>0,"Y","-") -> Y | J83: =IF(COUNTIF('AIMS Season 2627'!$C:$C,$B83)>0,"Y","-") -> Y | K83: =IF(COUNTIF('AIMS Season 2728'!$C:$C,$B83)>0,"Y","-") -> Y | L83: =COUNTIF($G83:$K83,"Y") -> 5 | M83: Newcastle Glees; Newcastle Glees MS
A84: =ROW()-2 -> 82 | B84: Newcastlewest Musical Society | C84: South-West | D84: Sullivan | E84: 26/27 | G84: =IF(COUNTIF('AIMS Calendar 2324'!$C:$C,$B84)>0,"Y","-") -> Y | H84: =IF(COUNTIF('AIMS Season - 24_25'!$C:$C,$B84)>0,"Y","-") -> Y | I84: =IF(COUNTIF('AIMS Season 2526'!$C:$C,$B84)>0,"Y","-") -> Y | J84: =IF(COUNTIF('AIMS Season 2627'!$C:$C,$B84)>0,"Y","-") -> Y | K84: =IF(COUNTIF('AIMS Season 2728'!$C:$C,$B84)>0,"Y","-") -> Y | L84: =COUNTIF($G84:$K84,"Y") -> 5 | M84: Newcastle West MS; Newcastle West Musical Society
A85: =ROW()-2 -> 83 | B85: Newry Musical Society | C85: Northern | D85: Sullivan | E85: 23/24 | G85: =IF(COUNTIF('AIMS Calendar 2324'!$C:$C,$B85)>0,"Y","-") -> Y | H85: =IF(COUNTIF('AIMS Season - 24_25'!$C:$C,$B85)>0,"Y","-") -> - | I85: =IF(COUNTIF('AIMS Season 2526'!$C:$C,$B85)>0,"Y","-") -> - | J85: =IF(COUNTIF('AIMS Season 2627'!$C:$C,$B85)>0,"Y","-") -> - | K85: =IF(COUNTIF('AIMS Season 2728'!$C:$C,$B85)>0,"Y","-") -> - | L85: =COUNTIF($G85:$K85,"Y") -> 1 | M85: Newry Musical Society
A86: =ROW()-2 -> 84 | B86: Newry Youth Performing Arts | C86: Northern | D86: Sullivan | E86: 26/27 | G86: =IF(COUNTIF('AIMS Calendar 2324'!$C:$C,$B86)>0,"Y","-") -> Y | H86: =IF(COUNTIF('AIMS Season - 24_25'!$C:$C,$B86)>0,"Y","-") -> Y | I86: =IF(COUNTIF('AIMS Season 2526'!$C:$C,$B86)>0,"Y","-") -> - | J86: =IF(COUNTIF('AIMS Season 2627'!$C:$C,$B86)>0,"Y","-") -> Y | K86: =IF(COUNTIF('AIMS Season 2728'!$C:$C,$B86)>0,"Y","-") -> Y | L86: =COUNTIF($G86:$K86,"Y") -> 4 | M86: Newry Youth MS; Newry Youth Performing Arts
A87: =ROW()-2 -> 85 | B87: North East Musical and Dramatic Society | C87: Northern | D87: Gilbert | E87: 26/27 | F87: 23/24: Sullivan · 24/25: Gilbert · 25/26: Gilbert · 26/27: Gilbert · 27/28: Gilbert | G87: =IF(COUNTIF('AIMS Calendar 2324'!$C:$C,$B87)>0,"Y","-") -> Y | H87: =IF(COUNTIF('AIMS Season - 24_25'!$C:$C,$B87)>0,"Y","-") -> Y | I87: =IF(COUNTIF('AIMS Season 2526'!$C:$C,$B87)>0,"Y","-") -> Y | J87: =IF(COUNTIF('AIMS Season 2627'!$C:$C,$B87)>0,"Y","-") -> Y | K87: =IF(COUNTIF('AIMS Season 2728'!$C:$C,$B87)>0,"Y","-") -> Y | L87: =COUNTIF($G87:$K87,"Y") -> 5 | M87: NE Musical and Dramatic Society
A88: =ROW()-2 -> 86 | B88: North Wexford Musical Theatre | C88: South-East | D88: Sullivan | E88: 26/27 | F88: 23/24: Sullivan · 24/25: Gilbert · 25/26: Gilbert · 26/27: Sullivan · 27/28: Sullivan | G88: =IF(COUNTIF('AIMS Calendar 2324'!$C:$C,$B88)>0,"Y","-") -> Y | H88: =IF(COUNTIF('AIMS Season - 24_25'!$C:$C,$B88)>0,"Y","-") -> Y | I88: =IF(COUNTIF('AIMS Season 2526'!$C:$C,$B88)>0,"Y","-") -> Y | J88: =IF(COUNTIF('AIMS Season 2627'!$C:$C,$B88)>0,"Y","-") -> Y | K88: =IF(COUNTIF('AIMS Season 2728'!$C:$C,$B88)>0,"Y","-") -> Y | L88: =COUNTIF($G88:$K88,"Y") -> 5 | M88: NWMT; North Wexford; North Wexford Musical Theatre
A89: =ROW()-2 -> 87 | B89: Oyster Lane Theatre Group | C89: South-East | D89: Gilbert | E89: 26/27 | G89: =IF(COUNTIF('AIMS Calendar 2324'!$C:$C,$B89)>0,"Y","-") -> Y | H89: =IF(COUNTIF('AIMS Season - 24_25'!$C:$C,$B89)>0,"Y","-") -> Y | I89: =IF(COUNTIF('AIMS Season 2526'!$C:$C,$B89)>0,"Y","-") -> Y | J89: =IF(COUNTIF('AIMS Season 2627'!$C:$C,$B89)>0,"Y","-") -> Y | K89: =IF(COUNTIF('AIMS Season 2728'!$C:$C,$B89)>0,"Y","-") -> Y | L89: =COUNTIF($G89:$K89,"Y") -> 5 | M89: Oyster Lane Theatre Group
A90: =ROW()-2 -> 88 | B90: Pop-Up Theatre, Sligo | C90: Western | D90: Sullivan | E90: 26/27 | F90: 24/25: Sullivan · 25/26: Gilbert · 26/27: Sullivan · 27/28: Sullivan | G90: =IF(COUNTIF('AIMS Calendar 2324'!$C:$C,$B90)>0,"Y","-") -> - | H90: =IF(COUNTIF('AIMS Season - 24_25'!$C:$C,$B90)>0,"Y","-") -> Y | I90: =IF(COUNTIF('AIMS Season 2526'!$C:$C,$B90)>0,"Y","-") -> Y | J90: =IF(COUNTIF('AIMS Season 2627'!$C:$C,$B90)>0,"Y","-") -> Y | K90: =IF(COUNTIF('AIMS Season 2728'!$C:$C,$B90)>0,"Y","-") -> Y | L90: =COUNTIF($G90:$K90,"Y") -> 4 | M90: Pop-up Theatre Sligo
A91: =ROW()-2 -> 89 | B91: Portlaoise Musical Society | C91: Midlands | D91: Gilbert | E91: 26/27 | G91: =IF(COUNTIF('AIMS Calendar 2324'!$C:$C,$B91)>0,"Y","-") -> Y | H91: =IF(COUNTIF('AIMS Season - 24_25'!$C:$C,$B91)>0,"Y","-") -> Y | I91: =IF(COUNTIF('AIMS Season 2526'!$C:$C,$B91)>0,"Y","-") -> Y | J91: =IF(COUNTIF('AIMS Season 2627'!$C:$C,$B91)>0,"Y","-") -> Y | K91: =IF(COUNTIF('AIMS Season 2728'!$C:$C,$B91)>0,"Y","-") -> Y | L91: =COUNTIF($G91:$K91,"Y") -> 5 | M91: Portlaoise MS
A92: =ROW()-2 -> 90 | B92: Portrush Music Society | C92: Northern | D92: Sullivan | E92: 26/27 | G92: =IF(COUNTIF('AIMS Calendar 2324'!$C:$C,$B92)>0,"Y","-") -> - | H92: =IF(COUNTIF('AIMS Season - 24_25'!$C:$C,$B92)>0,"Y","-") -> - | I92: =IF(COUNTIF('AIMS Season 2526'!$C:$C,$B92)>0,"Y","-") -> Y | J92: =IF(COUNTIF('AIMS Season 2627'!$C:$C,$B92)>0,"Y","-") -> Y | K92: =IF(COUNTIF('AIMS Season 2728'!$C:$C,$B92)>0,"Y","-") -> Y | L92: =COUNTIF($G92:$K92,"Y") -> 3 | M92: Portrush Music Society
A93: =ROW()-2 -> 91 | B93: Quayplayers Musical & Dramatic Society | C93: South-East | D93: Gilbert | E93: 26/27 | G93: =IF(COUNTIF('AIMS Calendar 2324'!$C:$C,$B93)>0,"Y","-") -> Y | H93: =IF(COUNTIF('AIMS Season - 24_25'!$C:$C,$B93)>0,"Y","-") -> Y | I93: =IF(COUNTIF('AIMS Season 2526'!$C:$C,$B93)>0,"Y","-") -> - | J93: =IF(COUNTIF('AIMS Season 2627'!$C:$C,$B93)>0,"Y","-") -> Y | K93: =IF(COUNTIF('AIMS Season 2728'!$C:$C,$B93)>0,"Y","-") -> Y | L93: =COUNTIF($G93:$K93,"Y") -> 4 | M93: DHMDS; Quayplayers Musical Dramatic Society | N93: Formerly David Hennessy Musical & Dramatic Society (DHMDS) – rebranded
A94: =ROW()-2 -> 92 | B94: Queen's Musical Theatre Society | C94: Northern | D94: Sullivan | E94: 26/27 | G94: =IF(COUNTIF('AIMS Calendar 2324'!$C:$C,$B94)>0,"Y","-") -> Y | H94: =IF(COUNTIF('AIMS Season - 24_25'!$C:$C,$B94)>0,"Y","-") -> Y | I94: =IF(COUNTIF('AIMS Season 2526'!$C:$C,$B94)>0,"Y","-") -> Y | J94: =IF(COUNTIF('AIMS Season 2627'!$C:$C,$B94)>0,"Y","-") -> Y | K94: =IF(COUNTIF('AIMS Season 2728'!$C:$C,$B94)>0,"Y","-") -> Y | L94: =COUNTIF($G94:$K94,"Y") -> 5 | M94: Queen's Musical Theatre Society; Queens Musical Theatre Society
A95: =ROW()-2 -> 93 | B95: Rathmines & Rathgar Musical Society | C95: Eastern | D95: Sullivan | E95: 26/27 | G95: =IF(COUNTIF('AIMS Calendar 2324'!$C:$C,$B95)>0,"Y","-") -> Y | H95: =IF(COUNTIF('AIMS Season - 24_25'!$C:$C,$B95)>0,"Y","-") -> Y | I95: =IF(COUNTIF('AIMS Season 2526'!$C:$C,$B95)>0,"Y","-") -> Y | J95: =IF(COUNTIF('AIMS Season 2627'!$C:$C,$B95)>0,"Y","-") -> Y | K95: =IF(COUNTIF('AIMS Season 2728'!$C:$C,$B95)>0,"Y","-") -> Y | L95: =COUNTIF($G95:$K95,"Y") -> 5 | M95: R&R MS
A96: =ROW()-2 -> 94 | B96: Ratoath Musical Society | C96: Eastern | D96: Sullivan | E96: 26/27 | G96: =IF(COUNTIF('AIMS Calendar 2324'!$C:$C,$B96)>0,"Y","-") -> - | H96: =IF(COUNTIF('AIMS Season - 24_25'!$C:$C,$B96)>0,"Y","-") -> - | I96: =IF(COUNTIF('AIMS Season 2526'!$C:$C,$B96)>0,"Y","-") -> Y | J96: =IF(COUNTIF('AIMS Season 2627'!$C:$C,$B96)>0,"Y","-") -> Y | K96: =IF(COUNTIF('AIMS Season 2728'!$C:$C,$B96)>0,"Y","-") -> Y | L96: =COUNTIF($G96:$K96,"Y") -> 3 | M96: Ratoath Musical Society
A97: =ROW()-2 -> 95 | B97: Roscrea Musical Society | C97: South-West | D97: Sullivan | E97: 26/27 | F97: 23/24: Gilbert · 24/25: Sullivan · 25/26: Sullivan · 26/27: Sullivan · 27/28: Sullivan | G97: =IF(COUNTIF('AIMS Calendar 2324'!$C:$C,$B97)>0,"Y","-") -> Y | H97: =IF(COUNTIF('AIMS Season - 24_25'!$C:$C,$B97)>0,"Y","-") -> Y | I97: =IF(COUNTIF('AIMS Season 2526'!$C:$C,$B97)>0,"Y","-") -> Y | J97: =IF(COUNTIF('AIMS Season 2627'!$C:$C,$B97)>0,"Y","-") -> Y | K97: =IF(COUNTIF('AIMS Season 2728'!$C:$C,$B97)>0,"Y","-") -> Y | L97: =COUNTIF($G97:$K97,"Y") -> 5 | M97: Roscrea Musical Society
A98: =ROW()-2 -> 96 | B98: Rush Musical Society | C98: Eastern | D98: Gilbert | E98: 26/27 | G98: =IF(COUNTIF('AIMS Calendar 2324'!$C:$C,$B98)>0,"Y","-") -> Y | H98: =IF(COUNTIF('AIMS Season - 24_25'!$C:$C,$B98)>0,"Y","-") -> Y | I98: =IF(COUNTIF('AIMS Season 2526'!$C:$C,$B98)>0,"Y","-") -> Y | J98: =IF(COUNTIF('AIMS Season 2627'!$C:$C,$B98)>0,"Y","-") -> Y | K98: =IF(COUNTIF('AIMS Season 2728'!$C:$C,$B98)>0,"Y","-") -> Y | L98: =COUNTIF($G98:$K98,"Y") -> 5 | M98: Rush MS; Rush Musical Society
A99: =ROW()-2 -> 97 | B99: SGPA | C99: Eastern | D99: Gilbert | E99: 26/27 | G99: =IF(COUNTIF('AIMS Calendar 2324'!$C:$C,$B99)>0,"Y","-") -> - | H99: =IF(COUNTIF('AIMS Season - 24_25'!$C:$C,$B99)>0,"Y","-") -> Y | I99: =IF(COUNTIF('AIMS Season 2526'!$C:$C,$B99)>0,"Y","-") -> Y | J99: =IF(COUNTIF('AIMS Season 2627'!$C:$C,$B99)>0,"Y","-") -> Y | K99: =IF(COUNTIF('AIMS Season 2728'!$C:$C,$B99)>0,"Y","-") -> Y | L99: =COUNTIF($G99:$K99,"Y") -> 4 | M99: SGPA | N99: Listed on the AIMS register as "SGPA" only
A100: =ROW()-2 -> 98 | B100: Shannon Musical Society | C100: South-West | D100: Gilbert | E100: 26/27 | F100: 23/24: Gilbert · 24/25: Gilbert · 25/26: Sullivan · 26/27: Gilbert · 27/28: Gilbert | G100: =IF(COUNTIF('AIMS Calendar 2324'!$C:$C,$B100)>0,"Y","-") -> Y | H100: =IF(COUNTIF('AIMS Season - 24_25'!$C:$C,$B100)>0,"Y","-") -> Y | I100: =IF(COUNTIF('AIMS Season 2526'!$C:$C,$B100)>0,"Y","-") -> Y | J100: =IF(COUNTIF('AIMS Season 2627'!$C:$C,$B100)>0,"Y","-") -> Y | K100: =IF(COUNTIF('AIMS Season 2728'!$C:$C,$B100)>0,"Y","-") -> Y | L100: =COUNTIF($G100:$K100,"Y") -> 5 | M100: Shannon MS
...

Sheet AIMS Season 2526
A1: Personal project - contact Darragh Carroll for amendments/updates @darraghcphotography
A2: Region | B2: Category (25/26) | C2: Society | D2: Show | E2: Opening | F2: Closing | G2: Adjudicator date | H2: Review Online | I2: Director | J2: Musical Director | K2: Choreographer
A3: Northern | B3: Sullivan | C3: Portrush Music Society | D3: My Fair Lady | E3: 45804 | F3: 45808 | G3: 45808 | H3: link | I3: Kerry Kane | J3: Terry Cloughley | K3: Rosemary O’Connor
A4: South-East | B4: Gilbert | C4: Jack Cunningham Productions | D4: All Shook Up | E4: 45903 | F4: 45906 | G4: 45906 | H4: link | I4: Jack Cunningham | J4: Andrew Lane | K4: Jack Cunningham
A5: Western | B5: Gilbert | C5: Bravo Theatre Group | D5: Come From Away | E5: 45910 | F5: 45912 | G5: 45911 | H5: link | I5: Aoife McClafferty | J5: Shane Farrell | K5: Aoife McClafferty
A6: Northern | B6: Gilbert | C6: St. Agnes Choral Society | D6: Come From Away | E6: 45904 | F6: 45913 | G6: 45913 | H6: link | I6: Rachel Logan-Fee | J6: Andrew Robinson | K6: Amy Blackshaw
A7: South-East | B7: Gilbert | C7: North Wexford Musical Theatre | D7: Into The Woods | E7: 45918 | F7: 45920 | G7: 45920 | H7: link | I7: Róisín Currid | J7: Conor McCarthy | K7: Róisín Currid
A8: Northern | B8: Gilbert | C8: Ulster Operatic Company | D8: 9 to 5 | E8: 45937 | F8: 45941 | G8: 45941 | H8: link | I8: Tony Finnegan | J8: Wilson Shields | K8: Matthew Watson
A9: Eastern | B9: Sullivan | C9: Dundalk Musical Society | D9: My Fair Lady | E9: 45945 | F9: 45949 | G9: 45946 | H9: link | I9: Tony Finnegan | J9: Elizabeth Freeburn | K9: Daniel Maguire
A10: Northern | B10: Sullivan | C10: Tullyvin Musical Society | D10: Made in Dagenham | E10: 45945 | F10: 45948 | G10: 45948 | H10: link | I10: Aoife Shalvey | J10: Dave McGauran | K10: Aisling Rountree
A11: Midlands | B11: Gilbert | C11: The Odd Theatre Company | D11: Jesus Christ Superstar | E11: 45953 | F11: 45955 | G11: 45955 | H11: link | I11: Cian O'Dowd | J11: Keelin Kilduff | K11: Áine Foley
A12: Eastern | B12: Gilbert | C12: Kilmainham Inchicore Musical Society | D12: Rodgers & Hammerstein's Cinderella | E12: 45959 | F12: 45962 | G12: 45959 | H12: link | I12: Sharon McNamara | J12: Amy Penston-Hendley | K12: Bernie O'Sullivan
A13: Northern | B13: Gilbert | C13: Bosco Drama Group | D13: Beauty and the Beast | E13: 45958 | F13: 45962 | G13: 45960 | H13: link | I13: Connie McCaughey | J13: Aislinn McGinn | K13: Ann Marie Morgan
A14: South-West | B14: Gilbert | C14: Muse Productions | D14: RENT | E14: 45959 | F14: 45962 | G14: 45962 | H14: link | I14: Martin McNelis | J14: Mary-Rose McNally | K14: Jay Molyneux
... A35: Western | B35: Gilbert | C35: Galway University Musical Society | D35: Follies | E35: 46056 | F35: 46060 | G35: 46060 | H35: link | I35: Keith Hanley | J35: Abbie Flannery | K35: Emily Smith
A36: South-West | B36: Gilbert | C36: Killarney Musical Society | D36: All Shook Up | E36: 46063 | F36: 46065 | G36: 46064 | H36: link | I36: Oliver Hurley | J36: Jimmy Brockie
A37: South-West | B37: Sullivan | C37: Shannon Musical Society | D37: Come From Away | E37: 46068 | F37: 46074 | G37: 46069 | H37: link | I37: Michael Anthony Greene | J37: Carmel Griffin | K37: Stephen O'Ríain
A38: South-West | B38: Gilbert | C38: Aghada Centre Theatre Group | D38: Legally Blonde | E38: 46068 | F38: 46074 | G38: 46070 | H38: link | I38: Sinead Dunlea | J38: Robbie Pender | K38: Chloe O'Leary
A39: Eastern | B39: Gilbert | C39: Malahide Musical & Dramatic Society | D39: The Witches of Eastwick | E39: 46070 | F39: 46074 | G39: 46071 | H39: link | I39: EJ Reilly | J39: Dave McGauran | K39: Karen McCourt
A40: South-West | B40: Gilbert | C40: Tipperary Musical Society | D40: Sweeney Todd | E40: 46070 | F40: 46074 | G40: 46072 | H40: link | I40: David Hennessy | J40: Mary-Rose McNally | K40: Amanda Kearns
A41: Midlands | B41: Gilbert | C41: Tullamore Musical Society | D41: We Will Rock You | E41: 46072 | F41: 46079 | G41: 46073 | H41: link | I41: Chris Coroon | J41: Enda O'Connor | K41: Laura Douglas
A42: Eastern | B42: Gilbert | C42: Entr'acte Musical Theatre Society | D42: Jesus Christ Superstar | E42: 46071 | F42: 46074 | G42: 46074 | H42: link | I42: Niamh McGowan | J42: Roisin Heenan | K42: Niamh McGowan
A43: Eastern | B43: Gilbert | C43: UCD Musical Society | D43: Carrie | E43: 46078 | F43: 46081 | G43: 46078 | H43: link | I43: Fionn O'Neill | J43: Cuan Egan | K43: Doireann McAuley
A44: South-West | B44: Sullivan | C44: Bellvue Academy of Performing Arts | D44: Hadestown: Teen Edition | E44: 46093 | F44: 46095 | G44: 46081 | H44: link | I44: Lisa Kelly | J44: Niall Kelly | K44: Keith Dwyer Greene
A45: Eastern | B45: Gilbert | C45: Trim Musical Society | D45: Legally Blonde | E45: 46083 | F45: 46088 | G45: 46085 | H45: link | I45: Emma Thornton | J45: Ben Cully | K45: Laura Douglas
A46: Midlands | B46: Gilbert | C46: Athlone Musical Society | D46: The Witches of Eastwick | E46: 46084 | F46: 46088 | G46: 46088 | H46: link | I46: Dominic Reid | J46: Ger Madden | K46: Kori Kilduff
A47: Eastern | B47: Sullivan | C47: Naas Musical Society | D47: We Will Rock You | E47: 46088 | F47: 46094 | G47: 46090 | H47: link | I47: Sharon McNamara | J47: Mairead McKenna | K47: Áine Foley
A48: Northern | B48: Sullivan | C48: Letterkenny Musical Society | D48: Come From Away | E48: 46091 | F48: 46095 | G48: 46092 | H48: link | I48: Maria Rushe | J48: Mark Bradley
A49: Northern | B49: Gilbert | C49: Londonderry Musical Society | D49: Kinky Boots | E49: 46092 | F49: 46095 | G49: 46092 | H49: link | I49: Alan McClarty | J49: Peter Doherty
A50: Eastern | B50: Sullivan | C50: Drogheda Musical Society | D50: The Addams Family | E50: 46093 | F50: 46095 | G50: 46093 | H50: link | I50: Sarah Louisa Nolan | J50: Megan Monerawela | K50: Aisling Nally
A51: South-West | B51: Sullivan | C51: Mary I Dramatic Arts Society | D51: Spongebob Squarepants | E51: 46093 | F51: 46095 | G51: 46094 | H51: link | I51: Bróna McGlinchey | J51: Michael Young | K51: Emily Flynn
A52: South-East | B52: Sullivan | C52: New Ross Musical Society | D52: Me and My Girl | E52: 46090 | F52: 46095 | G52: 46095 | H52: link | I52: Derek Shannon | J52: Jimmy Brockie | K52: Anne-Marie Cooney
A53: South-West | B53: Gilbert | C53: Mitchelstown Musical Society | D53: We Will Rock You | E53: 46099 | F53: 46102 | G53: 46101 | H53: link | I53: Lisa Kelly | J53: Eamon O'Malley | K53: `Henry James Fitzgerald
A54: South-West | B54: Sullivan | C54: Limerick Musical Society | D54: Michael Collins | E54: 46100 | F54: 46102 | G54: 46102 | H54: link | I54: Des Henn | J54: Michael Young | K54: Des Henn
A55: Eastern | B55: Gilbert | C55: Rush Musical Society | D55: The Drowsy Chaperone | E55: 46100 | F55: 46109 | G55: 46102 | H55: link | I55: Wilfie Pyper | J55: Sarah Lynch Barrett | K55: Eimear Sheridan
A56: Eastern | B56: Gilbert | C56: Teachers' Musical Society | D56: Jekyll & Hyde | E56: 46105 | F56: 46109 | G56: 46106 | H56: link | I56: EJ Reilly | J56: Dermot O'Callaghan | K56: Serena Salmon
A57: South-West | B57: Sullivan | C57: Nenagh Choral Society Ltd | D57: Evita | E57: 46105 | F57: 46109 | G57: 46107 | H57: link | I57: Greg Browne | J57: Laura Kearney | K57: Megan Maher
A58: South-West | B58: Gilbert | C58: Thurles Musical Society | D58: The Hunchback of Notre Dame | E58: 46105 | F58: 46109 | G58: 46108 | H58: link | I58: Michael Anthony Greene | J58: Mary-Rose McNally | K58: Michael Anthony Greene
A59: South-West | B59: Sullivan | C59: Youghal Musical Society | D59: Fiddler on the Roof | E59: 46105 | F59: 46108 | G59: 46108 | H59: link | I59: Seamus Power | J59: Anna O' Sullivan | K59: Kate O'Callaghan
A60: Western | B60: Sullivan | C60: Castlerea Musical Society | D60: Oklahoma Calendar Girls CANCELLED | E60: n/a | F60: n/a | G60: n/a | H60: n/a
A61: Midlands | B61: Sullivan | C61: Birr Stage Guild | D61: Sister Act CANCELLED | E61: n/a | F61: n/a | G61: n/a | H61: n/a
A62: South-West | B62: Gilbert | C62: Carrick-on-Suir Musical Society | D62: Man of La Mancha | E62: 46095 | F62: 46105 | G62: 46109 | H62: link | I62: Andrew Holden | J62: Fergal Carroll | K62: Claire O'Hara
A63: Midlands | B63: Sullivan | C63: Ballinasloe Musical Society | D63: Shrek | E63: 46106 | F63: 46109 | G63: 46109 | H63: link | I63: Ronan Lardner | J63: Shane Farrell | K63: Aoife McClafferty
A64: Northern | B64: Sullivan | C64: Ballyshannon Musical Society | D64: The Sound of Music | E64: 46077 | F64: 46081 | G64: n/a | H64: n/a
A65: Western | B65: Sullivan | C65: Castlebar Musical & Dramatic Society | D65: We Will Rock You | E65: 46107 | F65: 46109 | G65: 46109 | H65: link | I65: Donna Ruane | J65: Deirdre Lee | K65: Claudia O'Sullivan
A66: Eastern | B66: Gilbert | C66: Dun Laoghaire Musical & Dramatic Society | D66: Guys and Dolls | E66: 46112 | F66: 46116 | G66: 46113 | H66: link | I66: Stephen Fagan | J66: Barry Power | K66: Lauren Dooley
A67: Northern | B67: Gilbert | C67: Belfast Operatic Company | D67: The Sound of Music | E67: 45832 | F67: 45836 | H67: n/a
A68: South-West | B68: Sullivan | C68: Creative Minds Productions | D68: Bonnie & Clyde | E68: 45859 | F68: 45862 | H68: n/a
A69: Eastern | B69: Gilbert | C69: SGPA | D69: Grease | E69: 45877 | F69: 45879 | H69: n/a
A70: Northern | B70: Sullivan | C70: Fermanagh Musical Theatre | D70: Carrie | E70: 45889 | F70: 45892 | H70: n/a
A71: South-West | B71: Gilbert | C71: Nenagh Choral Society Youth Academy | D71: Young Frankenstein | E71: 45951 | F71: 45955 | H71: n/a
A72: Western | B72: Gilbert | C72: Marian Choral Society, Tuam | D72: The Clockmaker's Daughter | E72: 45958 | F72: 45962 | H72: n/a
A73: South-West | B73: Sullivan | C73: Fermoy Musical Society | D73: Encore (Cabaret night) | E73: 45967 | F73: 45969 | H73: n/a
A74: Eastern | B74: Sullivan | C74: Rathmines & Rathgar Musical Society | D74: My Fair Lady | E74: 45972 | F74: 45976 | H74: n/a | I74: Garry Mountaine | J74: Vicky Kenny | K74: David Hayes
A75: South-West | B75: Gilbert | C75: Tralee Musical Society | D75: The Clockmaker's Daughter (Reprise) | E75: 45972 | F75: 45976 | H75: n/a
A76: Midlands | B76: Gilbert | C76: Portlaoise Musical Society | D76: Come From Away | E76: 45976 | F76: 45983 | H76: n/a | I76: Art McGauran | J76: Mairead McKenna | K76: Lea Carroll
A77: South-West | B77: Non-AIMS | C77: East Clare Musical Society | D77: The Addams Family | E77: 46072 | F77: 46075 | H77: n/a
A78: Northern | B78: Sullivan | C78: Queen's Musical Theatre Society | D78: Carrie | E78: 46079 | F78: 46081 | H78: n/a
A79: South-East | B79: Gilbert | C79: Gorey Musical Society | D79: The Hunchback of Notre Dame | E79: 46111 | F79: 46116 | G79: 46114 | H79: link | I79: Megan Lopez | J79: Conor McCarthy | K79: Megan Lopez
A80: South-West | B80: Sullivan | C80: UCC Musical Theatre Society | D80: Carrie | E80: 46114 | F80: 46116 | G80: 46116 | H80: link | I80: James O’Connor | J80: Emmeline Turley | K80: Michael Healy
A81: South-West | B81: Gilbert | C81: Ennis Musical Society | D81: Beauty and the Beast | E81: 46113 | F81: 46116 | G81: 46116 | H81: link | I81: Jessica Bray | J81: Carmel Griffin | K81: Stephen O'Ríain
A82: Western | B82: Gilbert | C82: Pop-Up Theatre, Sligo | D82: Rock of Ages | E82: 46113 | F82: 46117 | G82: 46117 | H82: scheduled | I82: Karen Gordon | J82: Niamh Crowley | K82: Ciara Frahill
A83: Western | B83: Gilbert | C83: Ballinrobe Musical Society | D83: Michael Collins: A Musical Drama FROZEN | E83: 46117 | F83: 46123 | G83: 46118 | H83: scheduled
A84: Midlands | B84: Gilbert | C84: St. Mel's Musical Society, Longford | D84: The Wizard of Oz | E84: 46119 | F84: 46123 | G84: 46119 | H84: scheduled
A85: South-West | B85: Sullivan | C85: University of Limerick Musical Theatre Society | D85: All Shook Up | E85: 46114 | F85: 46116 | H85: n/a
A86: Midlands | B86: Sullivan | C86: Newbridge Musical Society | D86: West Side Story | E86: 46118 | F86: 46123 | G86: 46119 | H86: scheduled | I86: Cian O'Dowd | J86: Dave McGauran | K86: Áine Foley
A87: Midlands | B87: Gilbert | C87: Clara Musical Society | D87: Frozen | E87: 46118 | F87: 46123 | G87: 46120 | H87: scheduled | I87: Alan Recks | J87: Alan Recks | K87: Lea Carroll
A88: Eastern | B88: Gilbert | C88: Kilcock Musical & Dramatic Society | D88: Into The Woods | E88: 46119 | F88: 46123 | G88: 46121 | I88: Chris Coroon | J88: Mairead McKenna | K88: Maria Fowler
A89: South-East | B89: Sullivan | C89: Bray Musical Society | D89: We Will Rock You | E89: 46120 | F89: 46123 | G89: 46121 | I89: Chris Currid | J89: Elizabeth Gregan | K89: Roisin Currid
A90: Eastern | B90: Sullivan | C90: Dunboyne Musical Society | D90: Rock Of Ages | E90: 46119 | F90: 46123 | G90: 46122 | I90: Orla Mulreid-Deane | J90: Caitriona Ni Threasaigh | K90: Gráinne Kennedy
A91: South-East | B91: Gilbert | C91: Enniscorthy Musical Society | D91: Chess | E91: 46120 | F91: 46123 | G91: 46122 | J91: Kevin Kennedy
A92: South-East | B92: Sullivan | C92: Avonmore Musical Society | D92: The Clockmaker's Daughter | E92: 46119 | F92: 46123 | G92: 46123 | I92: Amy Penston-Hendley | J92: Conor McCarthy | K92: Martina Lynch
A93: Northern | B93: Gilbert | C93: St. Agnes Choral Society | D93: The Witches of Eastwick Anything Goes | E93: 46126 | F93: 46130 | G93: 46126
A94: Western | B94: Gilbert | C94: Galway Musical Society | D94: Pippin | E94: 46126 | F94: 46130 | G94: 46127
A95: Eastern | B95: Sullivan | C95: Kilmacud Musical Society | D95: Spongebob Squarepants | E95: 46126 | F95: 46130 | G95: 46128 | I95: Stephen Fagan | K95: Rachel Bermingham
A96: Eastern | B96: Gilbert | C96: Maynooth University Musical and Dramatics Society | D96: Spring Awakening | E96: 46126 | F96: 46130 | G96: 46129
A97: South-West | B97: Gilbert | C97: Tralee Musical Society | D97: The Prince of Egypt | E97: 46126 | F97: 46130 | G97: 46129
A98: Eastern | B98: Sullivan | C98: Stage One New-Musical Group (S.O.N.G.) | D98: We Will Rock You | E98: 46127 | F98: 46131 | G98: 46131
A99: Northern | B99: Gilbert | C99: North East Musical and Dramatic Society | D99: Dear Evan Hansen | E99: 46133 | F99: 46137 | G99: 46133 | I99: Niamh McGowan
A100: Eastern | B100: Gilbert | C100: St. Marys Musical Society, Navan | D100: Sister Act | E100: 46133 | F100: 46138 | G100: 46133
A101: South-West | B101: Gilbert | C101: St. Mary's Choral Society, Clonmel | D101: The Clockmaker's Daughter | E101: 46139 | F101: 46144 | G101: 46133
A102: Eastern | B102: Sullivan | C102: Baldoyle Musical Society | D102: Sister Act | E102: 46133 | F102: 46137 | G102: 46134
A103: Eastern | B103: Gilbert | C103: Leixlip Musical & Variety Group | D103: FAME | E103: 46133 | F103: 46137 | G103: 46134 | I103: Claire Tighe | J103: Dermot O'Callaghan | K103: Claire Tighe / Jen Dawson
A104: Northern | B104: Sullivan | C104: Lisnagarvey Operatic and Dramatic Society | D104: Jesus Christ Superstar | E104: 46134 | F104: 46138 | G104: 46136
A105: Northern | B105: Sullivan | C105: Fortwilliam Musical Society | D105: We Will Rock You | E105: 46133 | F105: 46137 | G105: 46137
A106: South-West | B106: Sullivan | C106: Roscrea Musical Society | D106: West Side Story | E106: 46139 | F106: 46144 | G106: 46140
A107: Northern | B107: Gilbert | C107: Letterkenny Music & Drama Group | D107: The Band | E107: 45986 | F107: 45990 | G107: n/a | H107: n/a
A108: Northern | B108: Sullivan | C108: Fortwilliam Musical Society | D108: A Christmas Carol | E108: 45994 | F108: 45997 | G108: n/a | H108: n/a
A109: Western | B109: Sullivan | C109: Sligo Musical Society | D109: Shrek | E109: 46070 | F109: 46074 | G109: n/a | H109: n/a | I109: David McEvoy | J109: Charles O'Connor | K109: Thomas Spratt
A110: Eastern | B110: Gilbert | C110: Glencullen Dundrum MDS | D110: Curtains | E110: 46105 | F110: 46109 | G110: n/a | H110: n/a
A111: Western | B111: Sullivan | C111: St. Brendan's Choral and Dramatic Society | D111: Fiddler on the Roof Little Shop of Horrors | E111: 46141 | F111: 46144 | G111: 46141 | I111: Ronan Lardner | J111: Shane Farrel | K111: Ronan Lardner
A112: Eastern | B112: Sullivan | C112: Ratoath Musical Society | D112: Annie | E112: 46141 | F112: 46145 | G112: 46143 | I112: Sharon McNamara | J112: David O'Connor | K112: Aisling Rountree
A113: South-East | B113: Sullivan | C113: Waterford Musical Society | D113: Calamity Jane | E113: 46140 | F113: 46144 | G113: 46144 | I113: Ray Collins | J113: Wayne Brown | K113: Ali Reville
A114: South-East | B114: Gilbert | C114: Wexford Light Opera Society | D114: Jesus Christ Superstar | E114: 46139 | F114: 46144 | G114: 46175 | I114: Christine Scarry | J114: David Hayes | K114: Therese O'Sullivan

Sheet AIMS Season 2627
A1: Region | B1: Category (TBC) | C1: Society | D1: Show | E1: Opening | F1: Closing | G1: Month | H1: Review Online | I1: Director | J1: Musical Director | K1: Choreographer
A2: South-West | B2: Sullivan | C2: Roscrea Musical Society | D2: Newsies | E2: 46138 | F2: 46143
A3: Northern | B3: Sullivan | C3: Belfast Operatic Company | D3: Guys and Dolls | E3: 46154 | F3: 46158
A4: Northern | B4: Sullivan | C4: Portrush Music Society | D4: Come From Away | E4: 46170 | F4: 46179
A5: Eastern | B5: Sullivan | C5: DCG Project, The | D5: RENT | E5: 46190 | F5: 46192 | I5: Dominic Reid | J5: Griffo | K5: Chris Corroon
A6: South-West | B6: Sullivan | C6: Creative Minds Productions | D6: Made in Dagenham | E6: 46204 | F6: 46207
A7: South-East | B7: Gilbert | C7: Jack Cunningham Productions | D7: West Side Story | E7: 46267 | F7: 46270 | I7: Jack Cunningham | J7: Andrew Lane | K7: Jack Cunningham
A8: South-East | B8: Sullivan | C8: North Wexford Musical Theatre | D8: Our House | E8: 46282 | F8: 46284 | I8: Roisin Currid | J8: Conor McCarthy
A9: Midlands | B9: Gilbert | C9: Clara Musical Society | D9: Dear Evan Hansen | E9: 46284 | F9: 46287
A10: Western | B10: Gilbert | C10: Bravo Theatre Group | D10: Dear Evan Hansen | E10: 46295 | F10: 46298
A11: South-East | B11: Sullivan | C11: St. Michael's Theatre Musical Society | D11: Michael Collins: A Musical Drama | E11: 46342 | F11: 46347
A12: Northern | B12: Gilbert | C12: Belfast Operatic Company | D12: Come From Away | E12: Feb
A13: Eastern | B13: Sullivan | C13: Drogheda Musical Society | D13: 9 to 5 | I13: Sarah Louisa Nolan | J13: Megan Monerawela | K13: Aisling Nally
A14: Western | B14: Gilbert | C14: 9 Arch Musical Society | D14: All Shook Up | J14: Kate Faherty
A15: South-West | B15: Gilbert | C15: Carrick-on-Suir Musical Society | D15: Beauty & The Beast
A16: Midlands | B16: Gilbert | C16: St. Mel's Musical Society, Longford | D16: Beauty & The Beast
A17: South-East | B17: Sullivan | C17: Bray Musical Society | D17: Beauty & The Beast
A18: Eastern | B18: Sullivan | C18: Dundalk Musical Society | D18: Calamity Jane
A19: Western | B19: Sullivan | C19: Claremorris Musical Society | D19: Calendar Girls
A20: Midlands | B20: Gilbert | C20: Newbridge Musical Society | D20: Chess
A21: South-West | B21: Gilbert | C21: St. Mary's Choral Society, Clonmel | D21: Chess
A22: South-West | B22: Gilbert | C22: Aghada Centre Theatre Group | D22: Come From Away
A23: Eastern | B23: Gilbert | C23: Dun Laoghaire Musical & Dramatic Society | D23: Come From Away
A24: South-West | B24: Gilbert | C24: Thurles Musical Society | D24: Come From Away
A25: Eastern | B25: Gilbert | C25: Rush Musical Society | D25: Come From Away
A26: South-East | B26: Gilbert | C26: Carnew Musical Society | D26: Evita
... A41: Midlands | B41: Gilbert | C41: The Odd Theatre Company | D41: My Fair Lady
A42: Eastern | B42: Gilbert | C42: Entr'acte Musical Theatre Society | D42: Newsies | I42: Gavin Murphy | J42: Ben Cully | K42: Leah Meagher
A43: South-West | B43: Sullivan | C43: Bellvue Academy of Performing Arts | D43: Newsies
A44: Eastern | B44: Gilbert | C44: UCD Musical Society | D44: Next To Normal
A45: South-West | B45: Gilbert | C45: Nenagh Choral Society Youth Academy | D45: NO SHOW THIS SEASON
A46: Western | B46: Sullivan | C46: Boyle Musical Society | D46: NO SHOW THIS SEASON
A47: Eastern | B47: Sullivan | C47: Kilmacud Musical Society | D47: Penzane! The Pirates Musical (New)
A48: Eastern | B48: Sullivan | C48: Baldoyle Musical Society | D48: Shrek
A49: Northern | B49: Gilbert | C49: St. Agnes Choral Society | D49: Shrek
A50: Northern | B50: Sullivan | C50: Tullyvin Musical Society | D50: Shrek
A51: Eastern | B51: Sullivan | C51: Dunboyne Musical Society | D51: Sister Act | I51: Orla Mulreid Deane | J51: Caitriona Ni Threasaigh | K51: Leah Meagher
A52: South-West | B52: Gilbert | C52: Killarney Musical Society | D52: Sister Act
A53: South-West | B53: Gilbert | C53: Tipperary Musical Society | D53: Sister Act
A54: Eastern | B54: Sullivan | C54: Clane Musical & Dramatic Society | D54: Sweeney Todd
A55: Western | B55: Gilbert | C55: Marian Choral Society, Tuam | D55: Sweeney Todd
A56: Eastern | B56: Gilbert | C56: Trim Musical Society | D56: Sweet Charity
A57: Eastern | B57: Gilbert | C57: Coolmine Musical Society | D57: The Addams Family | I57: EJ Reilly | J57: Caitriona Ni Threasaigh | K57: Laura Douglas
A58: Northern | B58: Gilbert | C58: North East Musical and Dramatic Society | D58: The Addams Family
A59: Northern | B59: Sullivan | C59: Ulster Operatic Company | D59: The Addams Family
A60: Western | B60: Sullivan | C60: Sligo Musical Society | D60: The Addams Family
A61: Eastern | B61: Sullivan | C61: Thunderstruck Productions | D61: The Band
A62: Eastern | B62: Sullivan | C62: Naas Musical Society | D62: The Clockmaker's Daughter
A63: Eastern | B63: Gilbert | C63: Malahide Musical & Dramatic Society | D63: The Clockmaker's Daughter
A64: South-West | B64: Sullivan | C64: Limerick Musical Society | D64: The Clockmaker's Daughter
A65: Western | B65: Gilbert | C65: Ballinrobe Musical Society | D65: The Clockmaker's Daughter
A66: Western | C66: Achill Musical & Dramatic Society
A67: South-East | B67: Gilbert | C67: Kilkenny Musical Society | D67: The Hired Man | J67: David Hayes | K67: Therese O'Sullivan
A68: Eastern | B68: Sullivan | C68: Kill Musical & Dramatic Society | D68: The Hired Man
A69: South-West | B69: Gilbert | C69: Cecilian Musical Society, Limerick | D69: The Hunchback of Notre Dame
A70: Eastern | B70: Sullivan | C70: Rathmines & Rathgar Musical Society | D70: The Hunchback of Notre Dame
A71: South-West | B71: Gilbert | C71: Mitchelstown Musical Society | D71: The Little Mermaid
A72: Midlands | B72: Sullivan | C72: Ballinasloe Musical Society | D72: The Prince of Egypt | I72: Aoife McClafferty | J72: Ria Purcell | K72: Shane Farrell
A73: South-East | B73: Gilbert | C73: Oyster Lane Theatre Group | D73: The Prince of Egypt
A74: South-East | B74: Gilbert | C74: Gorey Musical Society | D74: The Producers | I74: Tony Finnegan | J74: Conor McCarthy | K74: Jonny Smith
A75: Midlands | B75: Gilbert | C75: Tullamore Musical Society | D75: The Producers
A76: Eastern | B76: Sullivan | C76: Harolds Cross Tallaght Musical Society | D76: The Wedding Singer | I76: Sean MacMathuna | J76: Dermot O'Callaghan | K76: Lauren Dooley
A77: Midlands | B77: Gilbert | C77: Athlone Musical Society | D77: The Wedding Singer
A78: South-West | C78: East Clare Musical Society
A79: Eastern | B79: Gilbert | C79: Leixlip Musical & Variety Group | D79: Urinetown
A80: Eastern | B80: Gilbert | C80: Kilmainham Inchicore Musical Society | D80: We Will Rock You | I80: Roisin Currid | J80: Geoff Woods | K80: Bernie
A81: Northern | C81: Fermanagh Musical Theatre
A82: Midlands | C82: Fun House Theatre Company
A83: South-West | B83: Gilbert | C83: Muse Productions | D83: West Side Story
A84: South-West | B84: Gilbert | C84: Shannon Musical Society | D84: Wonderland
A85: Midlands | B85: Gilbert | C85: Portlaoise Musical Society | D85: Young Frankenstein
A86: Northern | B86: Sullivan | C86: Ballyshannon Musical Society
A87: Northern | B87: Sullivan | C87: Ballywillan Drama Group
A88: Midlands | B88: Sullivan | C88: Birr Stage Guild
A89: Northern | B89: Gilbert | C89: Bosco Drama Group
A90: South-West | B90: Sullivan | C90: Carrigaline Musical Society
A91: Western | B91: Sullivan | C91: Castlebar Musical & Dramatic Society
A92: South-West | B92: Gilbert | C92: Ennis Musical Society
A93: Western | B93: Sullivan | C93: Ennistymon Choral Society
A94: Western | B94: Gilbert | C94: Galway Musical Society
A95: Western | B95: Sullivan | C95: Glenamaddy Musical Society
A96: Eastern | B96: Sullivan | C96: Glencullen Dundrum MDS
A97: Western | B97: Gilbert | C97: Galway University Musical Society
... A116: Eastern | B116: Gilbert | C116: Trinity Musical Theatre Society

Sheet Gilbert
A2: =IFERROR(__xludf.UNSUPPORTED("QUERY({'AIMS Calendar 2324'!A:BK}, ""SELECT * WHERE Col2 = 'Gilbert'"") "),"This is a personal project by Darragh Carroll / not an official AIMS piece! - if there are any gaps - feel free to get in touch with me at info@darraghc.ie - Or if you'd like to become an editor! Region") -> This is a personal project by Darragh Carroll / not an official AIMS piece! - if there are any gaps - feel free to get in touch with me at info@darraghc.ie - Or if you'd like to become an editor! Region | B2: =IFERROR(__xludf.UNSUPPORTED("""COMPUTED_VALUE""")," Category") -> Category | C2: =IFERROR(__xludf.UNSUPPORTED("""COMPUTED_VALUE""")," Society") -> Society | D2: =IFERROR(__xludf.UNSUPPORTED("""COMPUTED_VALUE""")," Show") -> Show | E2: =IFERROR(__xludf.UNSUPPORTED("""COMPUTED_VALUE""")," Opening") -> Opening | F2: =IFERROR(__xludf.UNSUPPORTED("""COMPUTED_VALUE""")," Closing") -> Closing | G2: =IFERROR(__xludf.UNSUPPORTED("""COMPUTED_VALUE""")," Review Online") -> Review Online | H2: =IFERROR(__xludf.UNSUPPORTED("""COMPUTED_VALUE""")," Director") -> Director | I2: =IFERROR(__xludf.UNSUPPORTED("""COMPUTED_VALUE""")," Choreographer") -> Choreographer | J2: =IFERROR(__xludf.UNSUPPORTED("""COMPUTED_VALUE""")," Musical Director") -> Musical Director | K2: =IFERROR(__xludf.UNSUPPORTED("""COMPUTED_VALUE""")," ") | L2: =IFERROR(__xludf.UNSUPPORTED("""COMPUTED_VALUE""")," ") | M2: =IFERROR(__xludf.UNSUPPORTED("""COMPUTED_VALUE""")," ") | N2: =IFERROR(__xludf.UNSUPPORTED("""COMPUTED_VALUE""")," ") | O2: =IFERROR(__xludf.UNSUPPORTED("""COMPUTED_VALUE""")," ") | P2: =IFERROR(__xludf.UNSUPPORTED("""COMPUTED_VALUE""")," ") | Q2: =IFERROR(__xludf.UNSUPPORTED("""COMPUTED_VALUE""")," ") | R2: =IFERROR(__xludf.UNSUPPORTED("""COMPUTED_VALUE""")," ") | ... AB2: =IFERROR(__xludf.UNSUPPORTED("""COMPUTED_VALUE""")," ")
A3: =IFERROR(__xludf.UNSUPPORTED("""COMPUTED_VALUE"""),"Northern") -> Northern | B3: =IFERROR(__xludf.UNSUPPORTED("""COMPUTED_VALUE"""),"Gilbert") -> Gilbert | C3: =IFERROR(__xludf.UNSUPPORTED("""COMPUTED_VALUE"""),"Ballywillan Drama Group") -> Ballywillan Drama Group | D3: =IFERROR(__xludf.UNSUPPORTED("""COMPUTED_VALUE"""),"Kinky Boots") -> Kinky Boots | E3: =IFERROR(__xludf.UNSUPPORTED("""COMPUTED_VALUE"""),45072) -> 45072 | F3: =IFERROR(__xludf.UNSUPPORTED("""COMPUTED_VALUE"""),45087) -> 45087 | G3: =IFERROR(__xludf.UNSUPPORTED("""COMPUTED_VALUE"""),"direct link") -> direct link | H3: =IFERROR(__xludf.UNSUPPORTED("""COMPUTED_VALUE"""),"Brian Logan") -> Brian Logan | I3: =IFERROR(__xludf.UNSUPPORTED("""COMPUTED_VALUE"""),"Laura Fisher") -> Laura Fisher | J3: =IFERROR(__xludf.UNSUPPORTED("""COMPUTED_VALUE"""),"Andrew Robinson") -> Andrew Robinson
A4: =IFERROR(__xludf.UNSUPPORTED("""COMPUTED_VALUE"""),"Northern") -> Northern | B4: =IFERROR(__xludf.UNSUPPORTED("""COMPUTED_VALUE"""),"Gilbert") -> Gilbert | C4: =IFERROR(__xludf.UNSUPPORTED("""COMPUTED_VALUE"""),"Ulster Operatic") -> Ulster Operatic | D4: =IFERROR(__xludf.UNSUPPORTED("""COMPUTED_VALUE"""),"Evita") -> Evita | E4: =IFERROR(__xludf.UNSUPPORTED("""COMPUTED_VALUE"""),45189) -> 45189 | F4: =IFERROR(__xludf.UNSUPPORTED("""COMPUTED_VALUE"""),45192) -> 45192 | G4: =IFERROR(__xludf.UNSUPPORTED("""COMPUTED_VALUE"""),"direct link") -> direct link | H4: =IFERROR(__xludf.UNSUPPORTED("""COMPUTED_VALUE"""),"Tony Finnegan") -> Tony Finnegan | I4: =IFERROR(__xludf.UNSUPPORTED("""COMPUTED_VALUE"""),"Ann Marie Morgan") -> Ann Marie Morgan | J4: =IFERROR(__xludf.UNSUPPORTED("""COMPUTED_VALUE"""),"Wilson Shields") -> Wilson Shields
A5: =IFERROR(__xludf.UNSUPPORTED("""COMPUTED_VALUE"""),"Eastern") -> Eastern | B5: =IFERROR(__xludf.UNSUPPORTED("""COMPUTED_VALUE"""),"Gilbert") -> Gilbert | C5: =IFERROR(__xludf.UNSUPPORTED("""COMPUTED_VALUE"""),"UCD") -> UCD | D5: =IFERROR(__xludf.UNSUPPORTED("""COMPUTED_VALUE"""),"Bare") -> Bare | E5: =IFERROR(__xludf.UNSUPPORTED("""COMPUTED_VALUE"""),45196) -> 45196 | F5: =IFERROR(__xludf.UNSUPPORTED("""COMPUTED_VALUE"""),45198) -> 45198 | G5: =IFERROR(__xludf.UNSUPPORTED("""COMPUTED_VALUE"""),"direct link") -> direct link | H5: =IFERROR(__xludf.UNSUPPORTED("""COMPUTED_VALUE"""),"Sorcha McGlynn") -> Sorcha McGlynn | I5: =IFERROR(__xludf.UNSUPPORTED("""COMPUTED_VALUE"""),"Brianna Kelly") -> Brianna Kelly | J5: =IFERROR(__xludf.UNSUPPORTED("""COMPUTED_VALUE"""),"Luke Shiels") -> Luke Shiels
A6: =IFERROR(__xludf.UNSUPPORTED("""COMPUTED_VALUE"""),"Western") -> Western | B6: =IFERROR(__xludf.UNSUPPORTED("""COMPUTED_VALUE"""),"Gilbert") -> Gilbert | C6: =IFERROR(__xludf.UNSUPPORTED("""COMPUTED_VALUE"""),"Bravo") -> Bravo | D6: =IFERROR(__xludf.UNSUPPORTED("""COMPUTED_VALUE"""),"Calendar Girls") -> Calendar Girls | E6: =IFERROR(__xludf.UNSUPPORTED("""COMPUTED_VALUE"""),45197) -> 45197 | F6: =IFERROR(__xludf.UNSUPPORTED("""COMPUTED_VALUE"""),45199) -> 45199 | G6: =IFERROR(__xludf.UNSUPPORTED("""COMPUTED_VALUE"""),"direct link") -> direct link | H6: =IFERROR(__xludf.UNSUPPORTED("""COMPUTED_VALUE"""),"Pat McElwain") -> Pat McElwain | I6: =IFERROR(__xludf.UNSUPPORTED("""COMPUTED_VALUE"""),"Jay Molyneux") -> Jay Molyneux | J6: =IFERROR(__xludf.UNSUPPORTED("""COMPUTED_VALUE"""),"Shane Farrell") -> Shane Farrell
A7: =IFERROR(__xludf.UNSUPPORTED("""COMPUTED_VALUE"""),"Western") -> Western | B7: =IFERROR(__xludf.UNSUPPORTED("""COMPUTED_VALUE"""),"Gilbert") -> Gilbert | C7: =IFERROR(__xludf.UNSUPPORTED("""COMPUTED_VALUE"""),"MCS") -> MCS | D7: =IFERROR(__xludf.UNSUPPORTED("""COMPUTED_VALUE"""),"Evita") -> Evita | E7: =IFERROR(__xludf.UNSUPPORTED("""COMPUTED_VALUE"""),45230) -> 45230 | F7: =IFERROR(__xludf.UNSUPPORTED("""COMPUTED_VALUE"""),45234) -> 45234 | G7: =IFERROR(__xludf.UNSUPPORTED("""COMPUTED_VALUE"""),"direct link") -> direct link | H7: =IFERROR(__xludf.UNSUPPORTED("""COMPUTED_VALUE"""),"Ronan Lardner") -> Ronan Lardner | I7: =IFERROR(__xludf.UNSUPPORTED("""COMPUTED_VALUE"""),"Jay Molyneux") -> Jay Molyneux | J7: =IFERROR(__xludf.UNSUPPORTED("""COMPUTED_VALUE"""),"Shane Farrell") -> Shane Farrell
A8: =IFERROR(__xludf.UNSUPPORTED("""COMPUTED_VALUE"""),"Eastern") -> Eastern | B8: =IFERROR(__xludf.UNSUPPORTED("""COMPUTED_VALUE"""),"Gilbert") -> Gilbert | C8: =IFERROR(__xludf.UNSUPPORTED("""COMPUTED_VALUE"""),"HXT") -> HXT | D8: =IFERROR(__xludf.UNSUPPORTED("""COMPUTED_VALUE"""),"Little Shop of Horrors") -> Little Shop of Horrors | E8: =IFERROR(__xludf.UNSUPPORTED("""COMPUTED_VALUE"""),45237) -> 45237 | F8: =IFERROR(__xludf.UNSUPPORTED("""COMPUTED_VALUE"""),45241) -> 45241 | G8: =IFERROR(__xludf.UNSUPPORTED("""COMPUTED_VALUE"""),"direct link") -> direct link | H8: =IFERROR(__xludf.UNSUPPORTED("""COMPUTED_VALUE"""),"Ciaran Mooney") -> Ciaran Mooney | I8: =IFERROR(__xludf.UNSUPPORTED("""COMPUTED_VALUE"""),"Erica Delaney") -> Erica Delaney | J8: =IFERROR(__xludf.UNSUPPORTED("""COMPUTED_VALUE"""),"Dermot O'Callaghan") -> Dermot O'Callaghan
A9: =IFERROR(__xludf.UNSUPPORTED("""COMPUTED_VALUE"""),"Northern") -> Northern | B9: =IFERROR(__xludf.UNSUPPORTED("""COMPUTED_VALUE"""),"Gilbert") -> Gilbert | C9: =IFERROR(__xludf.UNSUPPORTED("""COMPUTED_VALUE"""),"St. Patricks Choral Society") -> St. Patricks Choral Society | D9: =IFERROR(__xludf.UNSUPPORTED("""COMPUTED_VALUE"""),"All Shook Up") -> All Shook Up | E9: =IFERROR(__xludf.UNSUPPORTED("""COMPUTED_VALUE"""),45238) -> 45238 | F9: =IFERROR(__xludf.UNSUPPORTED("""COMPUTED_VALUE"""),45241) -> 45241 | G9: =IFERROR(__xludf.UNSUPPORTED("""COMPUTED_VALUE"""),"direct link") -> direct link | H9: =IFERROR(__xludf.UNSUPPORTED("""COMPUTED_VALUE"""),"Simon Pyper") -> Simon Pyper | I9: =IFERROR(__xludf.UNSUPPORTED("""COMPUTED_VALUE"""),"Alex McFarlane") -> Alex McFarlane | J9: =IFERROR(__xludf.UNSUPPORTED("""COMPUTED_VALUE"""),"Wilson Shields") -> Wilson Shields
A10: =IFERROR(__xludf.UNSUPPORTED("""COMPUTED_VALUE"""),"Eastern") -> Eastern | B10: =IFERROR(__xludf.UNSUPPORTED("""COMPUTED_VALUE"""),"Gilbert") -> Gilbert | C10: =IFERROR(__xludf.UNSUPPORTED("""COMPUTED_VALUE"""),"Coolmine") -> Coolmine | D10: =IFERROR(__xludf.UNSUPPORTED("""COMPUTED_VALUE"""),"Seussical! The Musical") -> Seussical! The Musical | E10: =IFERROR(__xludf.UNSUPPORTED("""COMPUTED_VALUE"""),45244) -> 45244 | F10: =IFERROR(__xludf.UNSUPPORTED("""COMPUTED_VALUE"""),45248) -> 45248 | G10: =IFERROR(__xludf.UNSUPPORTED("""COMPUTED_VALUE"""),"direct link") -> direct link | H10: =IFERROR(__xludf.UNSUPPORTED("""COMPUTED_VALUE"""),"Pat McElwain") -> Pat McElwain | I10: =IFERROR(__xludf.UNSUPPORTED("""COMPUTED_VALUE"""),"Nicole McDonald") -> Nicole McDonald | J10: =IFERROR(__xludf.UNSUPPORTED("""COMPUTED_VALUE"""),"Caitriona Ní Threasaigh") -> Caitriona Ní Threasaigh
A11: =IFERROR(__xludf.UNSUPPORTED("""COMPUTED_VALUE"""),"Northern") -> Northern | B11: =IFERROR(__xludf.UNSUPPORTED("""COMPUTED_VALUE"""),"Gilbert") -> Gilbert | C11: =IFERROR(__xludf.UNSUPPORTED("""COMPUTED_VALUE"""),"Newcastle Glees") -> Newcastle Glees | D11: =IFERROR(__xludf.UNSUPPORTED("""COMPUTED_VALUE"""),"Urinetown") -> Urinetown | E11: =IFERROR(__xludf.UNSUPPORTED("""COMPUTED_VALUE"""),45246) -> 45246 | F11: =IFERROR(__xludf.UNSUPPORTED("""COMPUTED_VALUE"""),45255) -> 45255 | G11: =IFERROR(__xludf.UNSUPPORTED("""COMPUTED_VALUE"""),"Live on Jan 24th") -> Live on Jan 24th | H11: =IFERROR(__xludf.UNSUPPORTED("""COMPUTED_VALUE"""),"Laura Kerr") -> Laura Kerr | I11: =IFERROR(__xludf.UNSUPPORTED("""COMPUTED_VALUE"""),"Clare Donnelly") -> Clare Donnelly | J11: =IFERROR(__xludf.UNSUPPORTED("""COMPUTED_VALUE"""),"Mark Tilley") -> Mark Tilley
A12: =IFERROR(__xludf.UNSUPPORTED("""COMPUTED_VALUE"""),"Midlands") -> Midlands | B12: =IFERROR(__xludf.UNSUPPORTED("""COMPUTED_VALUE"""),"Gilbert") -> Gilbert | C12: =IFERROR(__xludf.UNSUPPORTED("""COMPUTED_VALUE"""),"Portlaoise") -> Portlaoise | D12: =IFERROR(__xludf.UNSUPPORTED("""COMPUTED_VALUE"""),"Made in Dagenham") -> Made in Dagenham | E12: =IFERROR(__xludf.UNSUPPORTED("""COMPUTED_VALUE"""),45248) -> 45248 | F12: =IFERROR(__xludf.UNSUPPORTED("""COMPUTED_VALUE"""),45255) -> 45255 | G12: =IFERROR(__xludf.UNSUPPORTED("""COMPUTED_VALUE"""),"Live on Jan 26th") -> Live on Jan 26th | H12: =IFERROR(__xludf.UNSUPPORTED("""COMPUTED_VALUE"""),"Art McGauran") -> Art McGauran | I12: =IFERROR(__xludf.UNSUPPORTED("""COMPUTED_VALUE"""),"Stephanie Browne") -> Stephanie Browne | J12: =IFERROR(__xludf.UNSUPPORTED("""COMPUTED_VALUE"""),"Mary Rose McNally") -> Mary Rose McNally
A13: =IFERROR(__xludf.UNSUPPORTED("""COMPUTED_VALUE"""),"Eastern") -> Eastern | B13: =IFERROR(__xludf.UNSUPPORTED("""COMPUTED_VALUE"""),"Gilbert") -> Gilbert | C13: =IFERROR(__xludf.UNSUPPORTED("""COMPUTED_VALUE"""),"UCD") -> UCD | D13: =IFERROR(__xludf.UNSUPPORTED("""COMPUTED_VALUE"""),"Footloose") -> Footloose | E13: =IFERROR(__xludf.UNSUPPORTED("""COMPUTED_VALUE"""),45252) -> 45252 | F13: =IFERROR(__xludf.UNSUPPORTED("""COMPUTED_VALUE"""),45255) -> 45255 | G13: =IFERROR(__xludf.UNSUPPORTED("""COMPUTED_VALUE"""),"direct link") -> direct link | H13: =IFERROR(__xludf.UNSUPPORTED("""COMPUTED_VALUE"""),"Becca Lennon") -> Becca Lennon | I13: =IFERROR(__xludf.UNSUPPORTED("""COMPUTED_VALUE"""),"Maya Gaul") -> Maya Gaul | J13: =IFERROR(__xludf.UNSUPPORTED("""COMPUTED_VALUE"""),"Edie Weinstein") -> Edie Weinstein
A14: =IFERROR(__xludf.UNSUPPORTED("""COMPUTED_VALUE"""),"South-Western") -> South-Western | B14: =IFERROR(__xludf.UNSUPPORTED("""COMPUTED_VALUE"""),"Gilbert") -> Gilbert | C14: =IFERROR(__xludf.UNSUPPORTED("""COMPUTED_VALUE"""),"Cecilian MS Limerick") -> Cecilian MS Limerick | D14: =IFERROR(__xludf.UNSUPPORTED("""COMPUTED_VALUE"""),"Shrek") -> Shrek | E14: =IFERROR(__xludf.UNSUPPORTED("""COMPUTED_VALUE"""),45252) -> 45252 | F14: =IFERROR(__xludf.UNSUPPORTED("""COMPUTED_VALUE"""),45256) -> 45256 | G14: =IFERROR(__xludf.UNSUPPORTED("""COMPUTED_VALUE"""),"Live on Jan 29th") -> Live on Jan 29th | H14: =IFERROR(__xludf.UNSUPPORTED("""COMPUTED_VALUE"""),"Des Henn") -> Des Henn | I14: =IFERROR(__xludf.UNSUPPORTED("""COMPUTED_VALUE"""),"Barbara Meany") -> Barbara Meany | J14: =IFERROR(__xludf.UNSUPPORTED("""COMPUTED_VALUE"""),"Michael Young") -> Michael Young
A15: =IFERROR(__xludf.UNSUPPORTED("""COMPUTED_VALUE"""),"South-Eastern") -> South-Eastern | B15: =IFERROR(__xludf.UNSUPPORTED("""COMPUTED_VALUE"""),"Gilbert") -> Gilbert | C15: =IFERROR(__xludf.UNSUPPORTED("""COMPUTED_VALUE"""),"Carnew") -> Carnew | D15: =IFERROR(__xludf.UNSUPPORTED("""COMPUTED_VALUE"""),"The Addams Family") -> The Addams Family | E15: =IFERROR(__xludf.UNSUPPORTED("""COMPUTED_VALUE"""),45257) -> 45257 | F15: =IFERROR(__xludf.UNSUPPORTED("""COMPUTED_VALUE"""),45262) -> 45262 | G15: =IFERROR(__xludf.UNSUPPORTED("""COMPUTED_VALUE"""),"TBC") -> TBC | H15: =IFERROR(__xludf.UNSUPPORTED("""COMPUTED_VALUE"""),"Michael Dunbar") -> Michael Dunbar | I15: =IFERROR(__xludf.UNSUPPORTED("""COMPUTED_VALUE"""),"Graham Finnerty") -> Graham Finnerty | J15: =IFERROR(__xludf.UNSUPPORTED("""COMPUTED_VALUE"""),"Conor McCarthy") -> Conor McCarthy
A16: =IFERROR(__xludf.UNSUPPORTED("""COMPUTED_VALUE"""),"South-Eastern") -> South-Eastern | B16: =IFERROR(__xludf.UNSUPPORTED("""COMPUTED_VALUE"""),"Gilbert") -> Gilbert | C16: =IFERROR(__xludf.UNSUPPORTED("""COMPUTED_VALUE"""),"Oyster Lane Theatre Group") -> Oyster Lane Theatre Group | D16: =IFERROR(__xludf.UNSUPPORTED("""COMPUTED_VALUE"""),"The Producers") -> The Producers | E16: =IFERROR(__xludf.UNSUPPORTED("""COMPUTED_VALUE"""),45258) -> 45258 | F16: =IFERROR(__xludf.UNSUPPORTED("""COMPUTED_VALUE"""),45261) -> 45261 | G16: =IFERROR(__xludf.UNSUPPORTED("""COMPUTED_VALUE"""),"Live on Jan 31st") -> Live on Jan 31st | H16: =IFERROR(__xludf.UNSUPPORTED("""COMPUTED_VALUE"""),"Stephen Acton") -> Stephen Acton | I16: =IFERROR(__xludf.UNSUPPORTED("""COMPUTED_VALUE"""),"Jonny Smith") -> Jonny Smith | J16: =IFERROR(__xludf.UNSUPPORTED("""COMPUTED_VALUE"""),"Patrick Clancy") -> Patrick Clancy
A17: =IFERROR(__xludf.UNSUPPORTED("""COMPUTED_VALUE"""),"Western") -> Western | B17: =IFERROR(__xludf.UNSUPPORTED("""COMPUTED_VALUE"""),"Gilbert") -> Gilbert | C17: =IFERROR(__xludf.UNSUPPORTED("""COMPUTED_VALUE"""),"GUMS") -> GUMS | D17: =IFERROR(__xludf.UNSUPPORTED("""COMPUTED_VALUE"""),"American Idiot!") -> American Idiot! | E17: =IFERROR(__xludf.UNSUPPORTED("""COMPUTED_VALUE"""),45321) -> 45321 | F17: =IFERROR(__xludf.UNSUPPORTED("""COMPUTED_VALUE"""),45325) -> 45325 | H17: =IFERROR(__xludf.UNSUPPORTED("""COMPUTED_VALUE"""),"Aisling Fox") -> Aisling Fox | I17: =IFERROR(__xludf.UNSUPPORTED("""COMPUTED_VALUE"""),"Jodie Finn") -> Jodie Finn | J17: =IFERROR(__xludf.UNSUPPORTED("""COMPUTED_VALUE"""),"Robert Cosgrove") -> Robert Cosgrove
A18: =IFERROR(__xludf.UNSUPPORTED("""COMPUTED_VALUE"""),"Northern") -> Northern | B18: =IFERROR(__xludf.UNSUPPORTED("""COMPUTED_VALUE"""),"Gilbert") -> Gilbert | C18: =IFERROR(__xludf.UNSUPPORTED("""COMPUTED_VALUE"""),"Newcastle Glees Jr") -> Newcastle Glees Jr | D18: =IFERROR(__xludf.UNSUPPORTED("""COMPUTED_VALUE"""),"Beauty & The Beast") -> Beauty & The Beast | E18: =IFERROR(__xludf.UNSUPPORTED("""COMPUTED_VALUE"""),45331) -> 45331 | F18: =IFERROR(__xludf.UNSUPPORTED("""COMPUTED_VALUE"""),45339) -> 45339 | H18: =IFERROR(__xludf.UNSUPPORTED("""COMPUTED_VALUE"""),"Drian Mullan") -> Drian Mullan | I18: =IFERROR(__xludf.UNSUPPORTED("""COMPUTED_VALUE"""),"Gordon Donaldson") -> Gordon Donaldson | J18: =IFERROR(__xludf.UNSUPPORTED("""COMPUTED_VALUE"""),"Ria Maguire") -> Ria Maguire
A19: =IFERROR(__xludf.UNSUPPORTED("""COMPUTED_VALUE"""),"Midlands") -> Midlands | B19: =IFERROR(__xludf.UNSUPPORTED("""COMPUTED_VALUE"""),"Gilbert") -> Gilbert | C19: =IFERROR(__xludf.UNSUPPORTED("""COMPUTED_VALUE"""),"Tullamore") -> Tullamore | D19: =IFERROR(__xludf.UNSUPPORTED("""COMPUTED_VALUE"""),"Rock of Ages") -> Rock of Ages | E19: =IFERROR(__xludf.UNSUPPORTED("""COMPUTED_VALUE"""),45332) -> 45332 | F19: =IFERROR(__xludf.UNSUPPORTED("""COMPUTED_VALUE"""),45339) -> 45339 | H19: =IFERROR(__xludf.UNSUPPORTED("""COMPUTED_VALUE"""),"Claire Tighe") -> Claire Tighe | I19: =IFERROR(__xludf.UNSUPPORTED("""COMPUTED_VALUE"""),"Claire Tighe") -> Claire Tighe | J19: =IFERROR(__xludf.UNSUPPORTED("""COMPUTED_VALUE"""),"Enda O'Connor") -> Enda O'Connor
A20: =IFERROR(__xludf.UNSUPPORTED("""COMPUTED_VALUE"""),"Western") -> Western | B20: =IFERROR(__xludf.UNSUPPORTED("""COMPUTED_VALUE"""),"Gilbert") -> Gilbert | C20: =IFERROR(__xludf.UNSUPPORTED("""COMPUTED_VALUE"""),"Ballinrobe") -> Ballinrobe | D20: =IFERROR(__xludf.UNSUPPORTED("""COMPUTED_VALUE"""),"Phantom of the Opera") -> Phantom of the Opera | E20: =IFERROR(__xludf.UNSUPPORTED("""COMPUTED_VALUE"""),45333) -> 45333 | F20: =IFERROR(__xludf.UNSUPPORTED("""COMPUTED_VALUE"""),45340) -> 45340 | H20: =IFERROR(__xludf.UNSUPPORTED("""COMPUTED_VALUE"""),"Alan Greaney") -> Alan Greaney | I20: =IFERROR(__xludf.UNSUPPORTED("""COMPUTED_VALUE"""),"Aoife McClafferty") -> Aoife McClafferty | J20: =IFERROR(__xludf.UNSUPPORTED("""COMPUTED_VALUE"""),"Finola Higgins") -> Finola Higgins
A21: =IFERROR(__xludf.UNSUPPORTED("""COMPUTED_VALUE"""),"South-Western") -> South-Western | B21: =IFERROR(__xludf.UNSUPPORTED("""COMPUTED_VALUE"""),"Gilbert") -> Gilbert | C21: =IFERROR(__xludf.UNSUPPORTED("""COMPUTED_VALUE"""),"Shannon MS") -> Shannon MS | D21: =IFERROR(__xludf.UNSUPPORTED("""COMPUTED_VALUE"""),"The Little Mermaid") -> The Little Mermaid | E21: =IFERROR(__xludf.UNSUPPORTED("""COMPUTED_VALUE"""),45333) -> 45333 | F21: =IFERROR(__xludf.UNSUPPORTED("""COMPUTED_VALUE"""),45339) -> 45339 | H21: =IFERROR(__xludf.UNSUPPORTED("""COMPUTED_VALUE"""),"Tony Finnegan") -> Tony Finnegan | I21: =IFERROR(__xludf.UNSUPPORTED("""COMPUTED_VALUE"""),"Karen Barrett") -> Karen Barrett | J21: =IFERROR(__xludf.UNSUPPORTED("""COMPUTED_VALUE"""),"Shane Farrell") -> Shane Farrell
A22: =IFERROR(__xludf.UNSUPPORTED("""COMPUTED_VALUE"""),"Eastern") -> Eastern | B22: =IFERROR(__xludf.UNSUPPORTED("""COMPUTED_VALUE"""),"Gilbert") -> Gilbert | C22: =IFERROR(__xludf.UNSUPPORTED("""COMPUTED_VALUE"""),"Trim") -> Trim | D22: =IFERROR(__xludf.UNSUPPORTED("""COMPUTED_VALUE"""),"9 to 5 ") -> 9 to 5 | E22: =IFERROR(__xludf.UNSUPPORTED("""COMPUTED_VALUE"""),45334) -> 45334 | F22: =IFERROR(__xludf.UNSUPPORTED("""COMPUTED_VALUE"""),45339) -> 45339 | H22: =IFERROR(__xludf.UNSUPPORTED("""COMPUTED_VALUE"""),"Stephen Acton") -> Stephen Acton | I22: =IFERROR(__xludf.UNSUPPORTED("""COMPUTED_VALUE"""),"Laura Douglas") -> Laura Douglas | J22: =IFERROR(__xludf.UNSUPPORTED("""COMPUTED_VALUE"""),"Dermot O'Callaghan") -> Dermot O'Callaghan
A23: =IFERROR(__xludf.UNSUPPORTED("""COMPUTED_VALUE"""),"South-Western") -> South-Western | B23: =IFERROR(__xludf.UNSUPPORTED("""COMPUTED_VALUE"""),"Gilbert") -> Gilbert | C23: =IFERROR(__xludf.UNSUPPORTED("""COMPUTED_VALUE"""),"Tipperary") -> Tipperary | D23: =IFERROR(__xludf.UNSUPPORTED("""COMPUTED_VALUE"""),"Young Frankenstein") -> Young Frankenstein | E23: =IFERROR(__xludf.UNSUPPORTED("""COMPUTED_VALUE"""),45334) -> 45334 | F23: =IFERROR(__xludf.UNSUPPORTED("""COMPUTED_VALUE"""),45339) -> 45339 | H23: =IFERROR(__xludf.UNSUPPORTED("""COMPUTED_VALUE"""),"Paul Norton") -> Paul Norton | I23: =IFERROR(__xludf.UNSUPPORTED("""COMPUTED_VALUE"""),"Stephanie Browne") -> Stephanie Browne | J23: =IFERROR(__xludf.UNSUPPORTED("""COMPUTED_VALUE"""),"Mary Rose McNally") -> Mary Rose McNally
A24: =IFERROR(__xludf.UNSUPPORTED("""COMPUTED_VALUE"""),"Eastern") -> Eastern | B24: =IFERROR(__xludf.UNSUPPORTED("""COMPUTED_VALUE"""),"Gilbert") -> Gilbert | C24: =IFERROR(__xludf.UNSUPPORTED("""COMPUTED_VALUE"""),"Malahide") -> Malahide | D24: =IFERROR(__xludf.UNSUPPORTED("""COMPUTED_VALUE"""),"Cry Baby") -> Cry Baby | E24: =IFERROR(__xludf.UNSUPPORTED("""COMPUTED_VALUE"""),45335) -> 45335 | F24: =IFERROR(__xludf.UNSUPPORTED("""COMPUTED_VALUE"""),45339) -> 45339 | H24: =IFERROR(__xludf.UNSUPPORTED("""COMPUTED_VALUE"""),"EJ Reilly") -> EJ Reilly | I24: =IFERROR(__xludf.UNSUPPORTED("""COMPUTED_VALUE"""),"Jules McNamra") -> Jules McNamra | J24: =IFERROR(__xludf.UNSUPPORTED("""COMPUTED_VALUE"""),"Dave McGauran") -> Dave McGauran
A25: =IFERROR(__xludf.UNSUPPORTED("""COMPUTED_VALUE"""),"Eastern") -> Eastern | B25: =IFERROR(__xludf.UNSUPPORTED("""COMPUTED_VALUE"""),"Gilbert") -> Gilbert | C25: =IFERROR(__xludf.UNSUPPORTED("""COMPUTED_VALUE"""),"Entr'acte") -> Entr'acte | D25: =IFERROR(__xludf.UNSUPPORTED("""COMPUTED_VALUE"""),"Guys and Dolls") -> Guys and Dolls | E25: =IFERROR(__xludf.UNSUPPORTED("""COMPUTED_VALUE"""),45350) -> 45350 | F25: =IFERROR(__xludf.UNSUPPORTED("""COMPUTED_VALUE"""),45353) -> 45353 | H25: =IFERROR(__xludf.UNSUPPORTED("""COMPUTED_VALUE"""),"Niamh McGowan") -> Niamh McGowan | I25: =IFERROR(__xludf.UNSUPPORTED("""COMPUTED_VALUE"""),"Leah Meagher") -> Leah Meagher | J25: =IFERROR(__xludf.UNSUPPORTED("""COMPUTED_VALUE"""),"Roisin Heenan") -> Roisin Heenan
A26: =IFERROR(__xludf.UNSUPPORTED("""COMPUTED_VALUE"""),"Midlands") -> Midlands | B26: =IFERROR(__xludf.UNSUPPORTED("""COMPUTED_VALUE"""),"Gilbert") -> Gilbert | C26: =IFERROR(__xludf.UNSUPPORTED("""COMPUTED_VALUE"""),"Athlone MS") -> Athlone MS | D26: =IFERROR(__xludf.UNSUPPORTED("""COMPUTED_VALUE"""),"Urinetown") -> Urinetown | E26: =IFERROR(__xludf.UNSUPPORTED("""COMPUTED_VALUE"""),45352) -> 45352 | F26: =IFERROR(__xludf.UNSUPPORTED("""COMPUTED_VALUE"""),45360) -> 45360 | H26: =IFERROR(__xludf.UNSUPPORTED("""COMPUTED_VALUE"""),"Alfie Kilduff") -> Alfie Kilduff | I26: =IFERROR(__xludf.UNSUPPORTED("""COMPUTED_VALUE"""),"Chris Corroon") -> Chris Corroon | J26: =IFERROR(__xludf.UNSUPPORTED("""COMPUTED_VALUE"""),"Ger Madden") -> Ger Madden
A27: =IFERROR(__xludf.UNSUPPORTED("""COMPUTED_VALUE"""),"South-Eastern") -> South-Eastern | B27: =IFERROR(__xludf.UNSUPPORTED("""COMPUTED_VALUE"""),"Gilbert") -> Gilbert | C27: =IFERROR(__xludf.UNSUPPORTED("""COMPUTED_VALUE"""),"NRMS") -> NRMS | D27: =IFERROR(__xludf.UNSUPPORTED("""COMPUTED_VALUE"""),"Fiddler on the Roof") -> Fiddler on the Roof | E27: =IFERROR(__xludf.UNSUPPORTED("""COMPUTED_VALUE"""),45356) -> 45356 | F27: =IFERROR(__xludf.UNSUPPORTED("""COMPUTED_VALUE"""),45360) -> 45360 | H27: =IFERROR(__xludf.UNSUPPORTED("""COMPUTED_VALUE"""),"Derek Shannon") -> Derek Shannon | I27: =IFERROR(__xludf.UNSUPPORTED("""COMPUTED_VALUE"""),"Anne-Marie Cooney") -> Anne-Marie Cooney | J27: =IFERROR(__xludf.UNSUPPORTED("""COMPUTED_VALUE"""),"Jimmy Brockie") -> Jimmy Brockie
A28: =IFERROR(__xludf.UNSUPPORTED("""COMPUTED_VALUE"""),"Eastern") -> Eastern | B28: =IFERROR(__xludf.UNSUPPORTED("""COMPUTED_VALUE"""),"Gilbert") -> Gilbert | C28: =IFERROR(__xludf.UNSUPPORTED("""COMPUTED_VALUE"""),"UCD") -> UCD | D28: =IFERROR(__xludf.UNSUPPORTED("""COMPUTED_VALUE"""),"Gypsy") -> Gypsy | E28: =IFERROR(__xludf.UNSUPPORTED("""COMPUTED_VALUE"""),45357) -> 45357 | F28: =IFERROR(__xludf.UNSUPPORTED("""COMPUTED_VALUE"""),45360) -> 45360 | H28: =IFERROR(__xludf.UNSUPPORTED("""COMPUTED_VALUE"""),"Aoife Joy Keogh") -> Aoife Joy Keogh | I28: =IFERROR(__xludf.UNSUPPORTED("""COMPUTED_VALUE"""),"Megan O'Neill") -> Megan O'Neill | J28: =IFERROR(__xludf.UNSUPPORTED("""COMPUTED_VALUE"""),"Dermot Edmondson") -> Dermot Edmondson
A29: =IFERROR(__xludf.UNSUPPORTED("""COMPUTED_VALUE"""),"Eastern") -> Eastern | B29: =IFERROR(__xludf.UNSUPPORTED("""COMPUTED_VALUE"""),"Gilbert") -> Gilbert | C29: =IFERROR(__xludf.UNSUPPORTED("""COMPUTED_VALUE"""),"Teachers") -> Teachers | D29: =IFERROR(__xludf.UNSUPPORTED("""COMPUTED_VALUE"""),"Hunchback of Notre Dame") -> Hunchback of Notre Dame | E29: =IFERROR(__xludf.UNSUPPORTED("""COMPUTED_VALUE"""),45363) -> 45363 | F29: =IFERROR(__xludf.UNSUPPORTED("""COMPUTED_VALUE"""),45367) -> 45367 | H29: =IFERROR(__xludf.UNSUPPORTED("""COMPUTED_VALUE"""),"Ciarán Mooney") -> Ciarán Mooney | I29: =IFERROR(__xludf.UNSUPPORTED("""COMPUTED_VALUE"""),"Ciarán Mooney & Nicole McDonald") -> Ciarán Mooney & Nicole McDonald | J29: =IFERROR(__xludf.UNSUPPORTED("""COMPUTED_VALUE"""),"Dermot O'Callaghan") -> Dermot O'Callaghan
A30: =IFERROR(__xludf.UNSUPPORTED("""COMPUTED_VALUE"""),"Northern") -> Northern | B30: =IFERROR(__xludf.UNSUPPORTED("""COMPUTED_VALUE"""),"Gilbert") -> Gilbert | C30: =IFERROR(__xludf.UNSUPPORTED("""COMPUTED_VALUE"""),"Newcastle Glees") -> Newcastle Glees | D30: =IFERROR(__xludf.UNSUPPORTED("""COMPUTED_VALUE"""),"Calendar Girls") -> Calendar Girls | E30: =IFERROR(__xludf.UNSUPPORTED("""COMPUTED_VALUE"""),45365) -> 45365 | F30: =IFERROR(__xludf.UNSUPPORTED("""COMPUTED_VALUE"""),45374) -> 45374 | H30: =IFERROR(__xludf.UNSUPPORTED("""COMPUTED_VALUE"""),"Laura Kerr") -> Laura Kerr | I30: =IFERROR(__xludf.UNSUPPORTED("""COMPUTED_VALUE"""),"Clare Donnelly") -> Clare Donnelly | J30: =IFERROR(__xludf.UNSUPPORTED("""COMPUTED_VALUE"""),"Mary Tilley") -> Mary Tilley
A31: =IFERROR(__xludf.UNSUPPORTED("""COMPUTED_VALUE"""),"South-Western") -> South-Western | B31: =IFERROR(__xludf.UNSUPPORTED("""COMPUTED_VALUE"""),"Gilbert") -> Gilbert | C31: =IFERROR(__xludf.UNSUPPORTED("""COMPUTED_VALUE"""),"Thurles") -> Thurles | D31: =IFERROR(__xludf.UNSUPPORTED("""COMPUTED_VALUE"""),"Big Fish") -> Big Fish | E31: =IFERROR(__xludf.UNSUPPORTED("""COMPUTED_VALUE"""),45370) -> 45370 | F31: =IFERROR(__xludf.UNSUPPORTED("""COMPUTED_VALUE"""),45374) -> 45374 | H31: =IFERROR(__xludf.UNSUPPORTED("""COMPUTED_VALUE"""),"Oliver Hurley") -> Oliver Hurley | I31: =IFERROR(__xludf.UNSUPPORTED("""COMPUTED_VALUE"""),"Oliver Hurley") -> Oliver Hurley | J31: =IFERROR(__xludf.UNSUPPORTED("""COMPUTED_VALUE"""),"Mary Rose McNally") -> Mary Rose McNally
A32: =IFERROR(__xludf.UNSUPPORTED("""COMPUTED_VALUE"""),"South-Eastern") -> South-Eastern | B32: =IFERROR(__xludf.UNSUPPORTED("""COMPUTED_VALUE"""),"Gilbert") -> Gilbert | C32: =IFERROR(__xludf.UNSUPPORTED("""COMPUTED_VALUE"""),"DHMDS") -> DHMDS | D32: =IFERROR(__xludf.UNSUPPORTED("""COMPUTED_VALUE"""),"Beautiful : Carole King") -> Beautiful : Carole King | E32: =IFERROR(__xludf.UNSUPPORTED("""COMPUTED_VALUE"""),45376) -> 45376 | F32: =IFERROR(__xludf.UNSUPPORTED("""COMPUTED_VALUE"""),45381) -> 45381 | H32: =IFERROR(__xludf.UNSUPPORTED("""COMPUTED_VALUE"""),"David Hennessy") -> David Hennessy | I32: =IFERROR(__xludf.UNSUPPORTED("""COMPUTED_VALUE"""),"Michelle Condon") -> Michelle Condon | J32: =IFERROR(__xludf.UNSUPPORTED("""COMPUTED_VALUE"""),"Jimmy Brockie") -> Jimmy Brockie
A33: =IFERROR(__xludf.UNSUPPORTED("""COMPUTED_VALUE"""),"South-Western") -> South-Western | B33: =IFERROR(__xludf.UNSUPPORTED("""COMPUTED_VALUE"""),"Gilbert") -> Gilbert | C33: =IFERROR(__xludf.UNSUPPORTED("""COMPUTED_VALUE"""),"Ennis Musical Society") -> Ennis Musical Society | D33: =IFERROR(__xludf.UNSUPPORTED("""COMPUTED_VALUE"""),"The Wedding Singer") -> The Wedding Singer | E33: =IFERROR(__xludf.UNSUPPORTED("""COMPUTED_VALUE"""),45378) -> 45378 | F33: =IFERROR(__xludf.UNSUPPORTED("""COMPUTED_VALUE"""),45378) -> 45378 | H33: =IFERROR(__xludf.UNSUPPORTED("""COMPUTED_VALUE"""),"Jessica Bray") -> Jessica Bray | I33: =IFERROR(__xludf.UNSUPPORTED("""COMPUTED_VALUE"""),"Laura Kane Allis") -> Laura Kane Allis | J33: =IFERROR(__xludf.UNSUPPORTED("""COMPUTED_VALUE"""),"Shane Farrell") -> Shane Farrell
A34: =IFERROR(__xludf.UNSUPPORTED("""COMPUTED_VALUE"""),"Midlands") -> Midlands | B34: =IFERROR(__xludf.UNSUPPORTED("""COMPUTED_VALUE"""),"Gilbert") -> Gilbert | C34: =IFERROR(__xludf.UNSUPPORTED("""COMPUTED_VALUE"""),"Newbridge") -> Newbridge | D34: =IFERROR(__xludf.UNSUPPORTED("""COMPUTED_VALUE"""),"Legally Blonde") -> Legally Blonde | E34: =IFERROR(__xludf.UNSUPPORTED("""COMPUTED_VALUE"""),45383) -> 45383 | F34: =IFERROR(__xludf.UNSUPPORTED("""COMPUTED_VALUE"""),45388) -> 45388 | H34: =IFERROR(__xludf.UNSUPPORTED("""COMPUTED_VALUE"""),"Art McGauran") -> Art McGauran | I34: =IFERROR(__xludf.UNSUPPORTED("""COMPUTED_VALUE"""),"Aine Foley") -> Aine Foley | J34: =IFERROR(__xludf.UNSUPPORTED("""COMPUTED_VALUE"""),"Dave McGauran") -> Dave McGauran
A35: =IFERROR(__xludf.UNSUPPORTED("""COMPUTED_VALUE"""),"South-Eastern") -> South-Eastern | B35: =IFERROR(__xludf.UNSUPPORTED("""COMPUTED_VALUE"""),"Gilbert") -> Gilbert | C35: =IFERROR(__xludf.UNSUPPORTED("""COMPUTED_VALUE"""),"Avonmore MS") -> Avonmore MS | D35: =IFERROR(__xludf.UNSUPPORTED("""COMPUTED_VALUE"""),"Little Mermaid") -> Little Mermaid | E35: =IFERROR(__xludf.UNSUPPORTED("""COMPUTED_VALUE"""),45384) -> 45384 | F35: =IFERROR(__xludf.UNSUPPORTED("""COMPUTED_VALUE"""),45388) -> 45388 | H35: =IFERROR(__xludf.UNSUPPORTED("""COMPUTED_VALUE"""),"David Hennessy") -> David Hennessy | I35: =IFERROR(__xludf.UNSUPPORTED("""COMPUTED_VALUE"""),"Martina Lynch") -> Martina Lynch | J35: =IFERROR(__xludf.UNSUPPORTED("""COMPUTED_VALUE"""),"Naoimh Penston") -> Naoimh Penston
A36: =IFERROR(__xludf.UNSUPPORTED("""COMPUTED_VALUE"""),"Eastern") -> Eastern | B36: =IFERROR(__xludf.UNSUPPORTED("""COMPUTED_VALUE"""),"Gilbert") -> Gilbert | C36: =IFERROR(__xludf.UNSUPPORTED("""COMPUTED_VALUE"""),"Kilcock") -> Kilcock | D36: =IFERROR(__xludf.UNSUPPORTED("""COMPUTED_VALUE"""),"Rock of Ages") -> Rock of Ages | E36: =IFERROR(__xludf.UNSUPPORTED("""COMPUTED_VALUE"""),45384) -> 45384 | F36: =IFERROR(__xludf.UNSUPPORTED("""COMPUTED_VALUE"""),45388) -> 45388 | H36: =IFERROR(__xludf.UNSUPPORTED("""COMPUTED_VALUE"""),"Dominic Reid") -> Dominic Reid | I36: =IFERROR(__xludf.UNSUPPORTED("""COMPUTED_VALUE"""),"Deirdre Browne") -> Deirdre Browne | J36: =IFERROR(__xludf.UNSUPPORTED("""COMPUTED_VALUE"""),"Mairead McKenna") -> Mairead McKenna
A37: =IFERROR(__xludf.UNSUPPORTED("""COMPUTED_VALUE"""),"Eastern") -> Eastern | B37: =IFERROR(__xludf.UNSUPPORTED("""COMPUTED_VALUE"""),"Gilbert") -> Gilbert | C37: =IFERROR(__xludf.UNSUPPORTED("""COMPUTED_VALUE"""),"Dunboyne") -> Dunboyne | D37: =IFERROR(__xludf.UNSUPPORTED("""COMPUTED_VALUE"""),"The Addams Family") -> The Addams Family | E37: =IFERROR(__xludf.UNSUPPORTED("""COMPUTED_VALUE"""),45385) -> 45385 | F37: =IFERROR(__xludf.UNSUPPORTED("""COMPUTED_VALUE"""),45388) -> 45388 | H37: =IFERROR(__xludf.UNSUPPORTED("""COMPUTED_VALUE"""),"Orla Mulreid Deane") -> Orla Mulreid Deane | I37: =IFERROR(__xludf.UNSUPPORTED("""COMPUTED_VALUE"""),"Gráinne Kennedy") -> Gráinne Kennedy | J37: =IFERROR(__xludf.UNSUPPORTED("""COMPUTED_VALUE"""),"Emer Hartnett") -> Emer Hartnett
A38: =IFERROR(__xludf.UNSUPPORTED("""COMPUTED_VALUE"""),"Eastern") -> Eastern | B38: =IFERROR(__xludf.UNSUPPORTED("""COMPUTED_VALUE"""),"Gilbert") -> Gilbert | C38: =IFERROR(__xludf.UNSUPPORTED("""COMPUTED_VALUE"""),"Rush") -> Rush | D38: =IFERROR(__xludf.UNSUPPORTED("""COMPUTED_VALUE"""),"Pirates of Penzance") -> Pirates of Penzance | E38: =IFERROR(__xludf.UNSUPPORTED("""COMPUTED_VALUE"""),45385) -> 45385 | F38: =IFERROR(__xludf.UNSUPPORTED("""COMPUTED_VALUE"""),45396) -> 45396 | H38: =IFERROR(__xludf.UNSUPPORTED("""COMPUTED_VALUE"""),"Wilfie Pyper") -> Wilfie Pyper | I38: =IFERROR(__xludf.UNSUPPORTED("""COMPUTED_VALUE"""),"Leah Meagher") -> Leah Meagher | J38: =IFERROR(__xludf.UNSUPPORTED("""COMPUTED_VALUE"""),"Sarah Lynch Barrett") -> Sarah Lynch Barrett
A39: =IFERROR(__xludf.UNSUPPORTED("""COMPUTED_VALUE"""),"South-Western") -> South-Western | B39: =IFERROR(__xludf.UNSUPPORTED("""COMPUTED_VALUE"""),"Gilbert") -> Gilbert | C39: =IFERROR(__xludf.UNSUPPORTED("""COMPUTED_VALUE"""),"St Mary's Clonmel") -> St Mary's Clonmel | D39: =IFERROR(__xludf.UNSUPPORTED("""COMPUTED_VALUE"""),"Evita") -> Evita | E39: =IFERROR(__xludf.UNSUPPORTED("""COMPUTED_VALUE"""),45390) -> 45390 | F39: =IFERROR(__xludf.UNSUPPORTED("""COMPUTED_VALUE"""),45395) -> 45395
A40: =IFERROR(__xludf.UNSUPPORTED("""COMPUTED_VALUE"""),"South-Eastern") -> South-Eastern | B40: =IFERROR(__xludf.UNSUPPORTED("""COMPUTED_VALUE"""),"Gilbert") -> Gilbert | C40: =IFERROR(__xludf.UNSUPPORTED("""COMPUTED_VALUE"""),"Gorey") -> Gorey | D40: =IFERROR(__xludf.UNSUPPORTED("""COMPUTED_VALUE"""),"Michael Collins ") -> Michael Collins | E40: =IFERROR(__xludf.UNSUPPORTED("""COMPUTED_VALUE"""),45390) -> 45390 | F40: =IFERROR(__xludf.UNSUPPORTED("""COMPUTED_VALUE"""),45395) -> 45395 | H40: =IFERROR(__xludf.UNSUPPORTED("""COMPUTED_VALUE"""),"Stephen Acton") -> Stephen Acton | I40: =IFERROR(__xludf.UNSUPPORTED("""COMPUTED_VALUE"""),"Megan McEvoy") -> Megan McEvoy | J40: =IFERROR(__xludf.UNSUPPORTED("""COMPUTED_VALUE"""),"Conor McCarthy") -> Conor McCarthy
A41: =IFERROR(__xludf.UNSUPPORTED("""COMPUTED_VALUE"""),"Eastern") -> Eastern | B41: =IFERROR(__xludf.UNSUPPORTED("""COMPUTED_VALUE"""),"Gilbert") -> Gilbert | C41: =IFERROR(__xludf.UNSUPPORTED("""COMPUTED_VALUE"""),"MU Musical Society") -> MU Musical Society | D41: =IFERROR(__xludf.UNSUPPORTED("""COMPUTED_VALUE"""),"Cats") -> Cats | E41: =IFERROR(__xludf.UNSUPPORTED("""COMPUTED_VALUE"""),45391) -> 45391 | F41: =IFERROR(__xludf.UNSUPPORTED("""COMPUTED_VALUE"""),45394) -> 45394 | H41: =IFERROR(__xludf.UNSUPPORTED("""COMPUTED_VALUE"""),"Gavin Murphy") -> Gavin Murphy | I41: =IFERROR(__xludf.UNSUPPORTED("""COMPUTED_VALUE"""),"Gavin Murphy (Asst. Amy Mulreid)") -> Gavin Murphy (Asst. Amy Mulreid)
A42: =IFERROR(__xludf.UNSUPPORTED("""COMPUTED_VALUE"""),"Western") -> Western | B42: =IFERROR(__xludf.UNSUPPORTED("""COMPUTED_VALUE"""),"Gilbert") -> Gilbert | C42: =IFERROR(__xludf.UNSUPPORTED("""COMPUTED_VALUE"""),"Galway") -> Galway | D42: =IFERROR(__xludf.UNSUPPORTED("""COMPUTED_VALUE"""),"Oliver!") -> Oliver! | E42: =IFERROR(__xludf.UNSUPPORTED("""COMPUTED_VALUE"""),45398) -> 45398 | F42: =IFERROR(__xludf.UNSUPPORTED("""COMPUTED_VALUE"""),45402) -> 45402 | H42: =IFERROR(__xludf.UNSUPPORTED("""COMPUTED_VALUE"""),"Paul Norton") -> Paul Norton | I42: =IFERROR(__xludf.UNSUPPORTED("""COMPUTED_VALUE"""),"Jay Molyneux") -> Jay Molyneux | J42: =IFERROR(__xludf.UNSUPPORTED("""COMPUTED_VALUE"""),"John Roe") -> John Roe
A43: =IFERROR(__xludf.UNSUPPORTED("""COMPUTED_VALUE"""),"South-Eastern") -> South-Eastern | B43: =IFERROR(__xludf.UNSUPPORTED("""COMPUTED_VALUE"""),"Gilbert") -> Gilbert | C43: =IFERROR(__xludf.UNSUPPORTED("""COMPUTED_VALUE"""),"Kilkenny MS") -> Kilkenny MS | D43: =IFERROR(__xludf.UNSUPPORTED("""COMPUTED_VALUE"""),"Sound of Music") -> Sound of Music | E43: =IFERROR(__xludf.UNSUPPORTED("""COMPUTED_VALUE"""),45399) -> 45399 | F43: =IFERROR(__xludf.UNSUPPORTED("""COMPUTED_VALUE"""),45403) -> 45403 | H43: =IFERROR(__xludf.UNSUPPORTED("""COMPUTED_VALUE"""),"Simon Manahan") -> Simon Manahan | I43: =IFERROR(__xludf.UNSUPPORTED("""COMPUTED_VALUE"""),"Roisín Currid") -> Roisín Currid | J43: =IFERROR(__xludf.UNSUPPORTED("""COMPUTED_VALUE"""),"Jimmy Brockie") -> Jimmy Brockie
A44: =IFERROR(__xludf.UNSUPPORTED("""COMPUTED_VALUE"""),"South-Western") -> South-Western | B44: =IFERROR(__xludf.UNSUPPORTED("""COMPUTED_VALUE"""),"Gilbert") -> Gilbert | C44: =IFERROR(__xludf.UNSUPPORTED("""COMPUTED_VALUE"""),"Carrick-on-Suir") -> Carrick-on-Suir | D44: =IFERROR(__xludf.UNSUPPORTED("""COMPUTED_VALUE"""),"9 to 5") -> 9 to 5 | E44: =IFERROR(__xludf.UNSUPPORTED("""COMPUTED_VALUE"""),45402) -> 45402 | F44: =IFERROR(__xludf.UNSUPPORTED("""COMPUTED_VALUE"""),45409) -> 45409
A45: =IFERROR(__xludf.UNSUPPORTED("""COMPUTED_VALUE"""),"Eastern") -> Eastern | B45: =IFERROR(__xludf.UNSUPPORTED("""COMPUTED_VALUE"""),"Gilbert") -> Gilbert | C45: =IFERROR(__xludf.UNSUPPORTED("""COMPUTED_VALUE"""),"St Marys MS Navan") -> St Marys MS Navan | D45: =IFERROR(__xludf.UNSUPPORTED("""COMPUTED_VALUE"""),"Made in Dagenham") -> Made in Dagenham | E45: =IFERROR(__xludf.UNSUPPORTED("""COMPUTED_VALUE"""),45405) -> 45405 | F45: =IFERROR(__xludf.UNSUPPORTED("""COMPUTED_VALUE"""),45410) -> 45410
A46: =IFERROR(__xludf.UNSUPPORTED("""COMPUTED_VALUE"""),"Eastern") -> Eastern | B46: =IFERROR(__xludf.UNSUPPORTED("""COMPUTED_VALUE"""),"Gilbert") -> Gilbert | C46: =IFERROR(__xludf.UNSUPPORTED("""COMPUTED_VALUE"""),"Leixlip MVG") -> Leixlip MVG | D46: =IFERROR(__xludf.UNSUPPORTED("""COMPUTED_VALUE"""),"The Producers") -> The Producers | E46: =IFERROR(__xludf.UNSUPPORTED("""COMPUTED_VALUE"""),45405) -> 45405 | F46: =IFERROR(__xludf.UNSUPPORTED("""COMPUTED_VALUE"""),45409) -> 45409 | H46: =IFERROR(__xludf.UNSUPPORTED("""COMPUTED_VALUE"""),"Claire Tighe") -> Claire Tighe | I46: =IFERROR(__xludf.UNSUPPORTED("""COMPUTED_VALUE"""),"Claire Tighe") -> Claire Tighe | J46: =IFERROR(__xludf.UNSUPPORTED("""COMPUTED_VALUE"""),"Dermot O'Callaghan") -> Dermot O'Callaghan
A47: =IFERROR(__xludf.UNSUPPORTED("""COMPUTED_VALUE"""),"Northern") -> Northern | B47: =IFERROR(__xludf.UNSUPPORTED("""COMPUTED_VALUE"""),"Gilbert") -> Gilbert | C47: =IFERROR(__xludf.UNSUPPORTED("""COMPUTED_VALUE"""),"St Agnes Choral Society") -> St Agnes Choral Society | D47: =IFERROR(__xludf.UNSUPPORTED("""COMPUTED_VALUE"""),"Young Frankenstein") -> Young Frankenstein | E47: =IFERROR(__xludf.UNSUPPORTED("""COMPUTED_VALUE"""),45405) -> 45405 | F47: =IFERROR(__xludf.UNSUPPORTED("""COMPUTED_VALUE"""),45409) -> 45409 | H47: =IFERROR(__xludf.UNSUPPORTED("""COMPUTED_VALUE"""),"Rachel Logan-Fee") -> Rachel Logan-Fee | I47: =IFERROR(__xludf.UNSUPPORTED("""COMPUTED_VALUE"""),"Amy Blackshaw") -> Amy Blackshaw | J47: =IFERROR(__xludf.UNSUPPORTED("""COMPUTED_VALUE"""),"Andrew Robinson") -> Andrew Robinson
A48: =IFERROR(__xludf.UNSUPPORTED("""COMPUTED_VALUE"""),"South-Eastern") -> South-Eastern | B48: =IFERROR(__xludf.UNSUPPORTED("""COMPUTED_VALUE"""),"Gilbert") -> Gilbert | C48: =IFERROR(__xludf.UNSUPPORTED("""COMPUTED_VALUE"""),"WLOS") -> WLOS | D48: =IFERROR(__xludf.UNSUPPORTED("""COMPUTED_VALUE"""),"Phantom of the Opera") -> Phantom of the Opera | E48: =IFERROR(__xludf.UNSUPPORTED("""COMPUTED_VALUE"""),45411) -> 45411 | F48: =IFERROR(__xludf.UNSUPPORTED("""COMPUTED_VALUE"""),45416) -> 45416 | H48: =IFERROR(__xludf.UNSUPPORTED("""COMPUTED_VALUE"""),"Christine Scarry") -> Christine Scarry | I48: =IFERROR(__xludf.UNSUPPORTED("""COMPUTED_VALUE"""),"Thérése O’Sullivan") -> Thérése O’Sullivan | J48: =IFERROR(__xludf.UNSUPPORTED("""COMPUTED_VALUE"""),"David Hayes") -> David Hayes
A49: =IFERROR(__xludf.UNSUPPORTED("""COMPUTED_VALUE"""),"South-Eastern") -> South-Eastern | B49: =IFERROR(__xludf.UNSUPPORTED("""COMPUTED_VALUE"""),"Gilbert") -> Gilbert | C49: =IFERROR(__xludf.UNSUPPORTED("""COMPUTED_VALUE"""),"Waterford MS") -> Waterford MS | D49: =IFERROR(__xludf.UNSUPPORTED("""COMPUTED_VALUE"""),"Evita") -> Evita | E49: =IFERROR(__xludf.UNSUPPORTED("""COMPUTED_VALUE"""),45412) -> 45412 | F49: =IFERROR(__xludf.UNSUPPORTED("""COMPUTED_VALUE"""),45416) -> 45416 | J49: =IFERROR(__xludf.UNSUPPORTED("""COMPUTED_VALUE"""),"Wayne Brown") -> Wayne Brown
A50: =IFERROR(__xludf.UNSUPPORTED("""COMPUTED_VALUE"""),"Northern") -> Northern | B50: =IFERROR(__xludf.UNSUPPORTED("""COMPUTED_VALUE"""),"Gilbert") -> Gilbert | C50: =IFERROR(__xludf.UNSUPPORTED("""COMPUTED_VALUE"""),"Belfast Operatic") -> Belfast Operatic | D50: =IFERROR(__xludf.UNSUPPORTED("""COMPUTED_VALUE"""),"Phantom of the Opera") -> Phantom of the Opera | E50: =IFERROR(__xludf.UNSUPPORTED("""COMPUTED_VALUE"""),45412) -> 45412 | F50: =IFERROR(__xludf.UNSUPPORTED("""COMPUTED_VALUE"""),45417) -> 45417
A51: =IFERROR(__xludf.UNSUPPORTED("""COMPUTED_VALUE"""),"South-Western") -> South-Western | B51: =IFERROR(__xludf.UNSUPPORTED("""COMPUTED_VALUE"""),"Gilbert") -> Gilbert | C51: =IFERROR(__xludf.UNSUPPORTED("""COMPUTED_VALUE"""),"Roscrea Musical Society") -> Roscrea Musical Society | D51: =IFERROR(__xludf.UNSUPPORTED("""COMPUTED_VALUE"""),"Grease") -> Grease | E51: =IFERROR(__xludf.UNSUPPORTED("""COMPUTED_VALUE"""),45413) -> 45413 | F51: =IFERROR(__xludf.UNSUPPORTED("""COMPUTED_VALUE"""),45413) -> 45413 | H51: =IFERROR(__xludf.UNSUPPORTED("""COMPUTED_VALUE"""),"Paul Norton") -> Paul Norton | I51: =IFERROR(__xludf.UNSUPPORTED("""COMPUTED_VALUE"""),"Stephanie Browne") -> Stephanie Browne | J51: =IFERROR(__xludf.UNSUPPORTED("""COMPUTED_VALUE"""),"Mary Rose McNally") -> Mary Rose McNally
A52: =IFERROR(__xludf.UNSUPPORTED("""COMPUTED_VALUE"""),"Eastern") -> Eastern | B52: =IFERROR(__xludf.UNSUPPORTED("""COMPUTED_VALUE"""),"Gilbert") -> Gilbert | C52: =IFERROR(__xludf.UNSUPPORTED("""COMPUTED_VALUE"""),"Clane") -> Clane | D52: =IFERROR(__xludf.UNSUPPORTED("""COMPUTED_VALUE"""),"The Addams Family") -> The Addams Family

Sheet Sullivan
A1: =IFERROR(__xludf.UNSUPPORTED("QUERY({'AIMS Calendar 2324'!B:J}, ""SELECT * WHERE Col2 = 'Sullivan'"") ")," Category") -> Category | B1: =IFERROR(__xludf.UNSUPPORTED("""COMPUTED_VALUE""")," Society") -> Society | C1: =IFERROR(__xludf.UNSUPPORTED("""COMPUTED_VALUE""")," Show") -> Show | D1: =IFERROR(__xludf.UNSUPPORTED("""COMPUTED_VALUE""")," Opening") -> Opening | E1: =IFERROR(__xludf.UNSUPPORTED("""COMPUTED_VALUE""")," Closing") -> Closing | F1: =IFERROR(__xludf.UNSUPPORTED("""COMPUTED_VALUE""")," Review Online") -> Review Online | G1: =IFERROR(__xludf.UNSUPPORTED("""COMPUTED_VALUE""")," Director") -> Director | H1: =IFERROR(__xludf.UNSUPPORTED("""COMPUTED_VALUE""")," Choreographer") -> Choreographer | I1: =IFERROR(__xludf.UNSUPPORTED("""COMPUTED_VALUE""")," Musical Director") -> Musical Director

Sheet AIMS Season 2728
A1: Region | B1: Category (TBC) | C1: Society | D1: Show | E1: Opening | F1: Closing | G1: Month | H1: Review Online | I1: Director | J1: Musical Director | K1: Choreographer
A2: South-East | B2: Gilbert | C2: Oyster Lane Theatre Group | D2: Sister Act
A3: Northern | B3: Gilbert | C3: Belfast Operatic Company
A4: Eastern | B4: Gilbert | C4: Dunboyne Musical Society
A5: South-West | B5: Gilbert | C5: Shannon Musical Society
A6: Western | B6: Gilbert | C6: 9 Arch Musical Society
A7: Western | B7: n/a | C7: Achill Musical & Dramatic Society
A8: South-West | B8: Sullivan | C8: Aghada Centre Theatre Group
A9: Midlands | B9: Gilbert | C9: Athlone Musical Society
A10: South-East | B10: Gilbert | C10: Avonmore Musical Society
A11: Eastern | B11: Sullivan | C11: Baldoyle Musical Society
A12: Western | B12: Gilbert | C12: Ballinrobe Musical Society
A13: Midlands | B13: Sullivan | C13: Ballinasloe Musical Society
A14: Northern | B14: Sullivan | C14: Ballyshannon Musical Society
... A113: South-East | B113: Gilbert | C113: Wexford Light Opera Society

Sheet AIMS Calendar 2324
A2: Region | B2: Category | C2: Society | D2: Show | E2: Venue | F2: Opening | G2: Closing | H2: Adjudicator Date | I2: Web Review Status | J2: Director | K2: Choreographer | L2: Musical Director
A3: Western | B3: Sullivan | C3: 9 Arch Musical Society | D3: Kinky Boots | E3: Town Hall Theatre, Galway | F3: 45245 | G3: 45248 | H3: 45339 | I3: direct link | J3: Alan Greaney | K3: Jay Molyneux | L3: Shane Farrell
A4: South-West | B4: Sullivan | C4: Aghada Centre Theatre Group | D4: The Addams Family | E4: Aghada | F4: 45335 | G4: 45340 | H4: 45340 | I4: direct link | J4: Sinead Dunlea | K4: Aileen McMurtry | L4: Robbie Pender
A5: Midlands | B5: Gilbert | C5: Athlone Musical Society | D5: Urinetown | E5: Athlone | F5: 45352 | G5: 45360 | H5: 45358 | I5: direct link | J5: Alfie Kilduff | K5: Chris Corroon | L5: Ger Madden
A6: South-East | B6: Gilbert | C6: Avonmore Musical Society | D6: Little Mermaid | E6: St. Mary's College, Arklow | F6: 45384 | G6: 45388 | H6: 45387 | I6: direct link | J6: David Hennessy | K6: Martina Lynch | L6: Naoimh Penston
A7: Eastern | B7: Sullivan | C7: Baldoyle Musical Society | D7: Legally Blonde | E7: Baldoyle | F7: 45398 | G7: 45402 | H7: 45399 | I7: direct link | J7: Yvette Cuffe Keena | K7: Sinead McCrohan | L7: Gay Kirwan
A8: Western | B8: Gilbert | C8: Ballinrobe Musical Society | D8: Phantom of the Opera | E8: Ballinrobe | F8: 45333 | G8: 45340 | H8: 45339 | I8: direct link | J8: Alan Greaney | K8: Aoife McClafferty | L8: Finola Higgins
A9: Midlands | B9: Sullivan | C9: Ballinasloe Musical Society | D9: Little Shop of Horrors | E9: Ballinsaloe | F9: 45370 | G9: 45374 | H9: 45373 | I9: direct link | J9: Ronan Lardner | K9: Aoife McClafferty | L9: Shane Farrell
A10: Northern | B10: Gilbert | C10: Ballywillan Drama Group | D10: Kinky Boots | E10: Down | F10: 45072 | G10: 45087 | H10: 45079 | I10: direct link | J10: Brian Logan | K10: Laura Fisher | L10: Andrew Robinson
A11: Northern | B11: Gilbert | C11: Ballywillan Drama Group | D11: Fiddler on the Roof | E11: Down | F11: 45401 | G11: 45416 | H11: 45411 | I11: direct link | J11: Brian Logan | K11: Sharon Logan | L11: Andrew Robinson
A12: Northern | B12: Gilbert | C12: Banbridge Musical Society | D12: Oklahoma | E12: Market Place Armagh | F12: 45399 | G12: 45402 | H12: 45400 | I12: direct link | J12: Anthony Fitzpatrick | K12: Aveen Stewart | L12: Dennis McKeever
A13: Eastern | B13: Sullivan | C13: Bellvue Academy of Performing Arts | D13: Les Miserables | E13: Tipperary | F13: 45343 | G13: 45347 | H13: 45345 | I13: direct link | J13: Lisa Kelly | K13: Claire O’Hara | L13: Niall Kelly
A14: Midlands | B14: Sullivan | C14: Birr Stage Guild | D14: The Addams Family | E14: Birr | F14: 45363 | G14: 45367 | H14: 45367 | I14: direct link | J14: Paul Norton | K14: Lisa Hogan | L14: n/a
... A24: Eastern | B24: Sullivan | C24: Clane Musical & Dramatic Society | D24: The Addams Family | E24: The Abbey, Clane | F24: 45398 | G24: 45402 | H24: 45398 | I24: direct link | J24: Jennifer O'Brien | K24: Grace McGrath | L24: Gráinne Úi Lúing
A25: Midlands | B25: Gilbert | C25: Clara Musical Society | D25: Sister Act | F25: 45391 | G25: 45395 | H25: 45395 | I25: direct link | J25: Alan Recks | K25: Ruth Maher | L25: Alan Recks
A26: Western | B26: Sullivan | C26: Claremorris Musical Society | D26: Young Frankenstein | E26: Town Hall Theatre, Claremorris | F26: 45322 | G26: 45326 | H26: 45340 | I26: direct link | J26: Donna Ruane | K26: Claudia O'Sullivan | L26: Deirdre Lee
A27: Eastern | B27: Gilbert | C27: Coolmine Musical Society | D27: Seussical! The Musical | E27: Draoícht Blanchardstown | F27: 45244 | G27: 45248 | H27: 45245 | I27: direct link | J27: Pat McElwain | K27: Nicole McDonald | L27: Caitriona Ní Threasaigh
A28: Northern | B28: Sullivan | C28: Craic Theatre | D28: Grease | E28: Belfast | F28: 45386 | G28: 45396 | H28: 45395 | I28: direct link | J28: Sean O'Neill | K28: Sean O'Neill | L28: Roisín Corr
A29: Eastern | B29: Sullivan | C29: DCU Drama Society | D29: Legally Blonde | E29: St. Pat's DCU | F29: 45391 | G29: 45393 | H29: 45392 | I29: direct link | J29: Amy McLoughlin | K29: Abbie Nolan | L29: Georgia Goodall
A30: South-East | B30: Gilbert | C30: Quayplayers Musical & Dramatic Society | D30: Beautiful : Carole King | E30: Garter Lane, Waterford | F30: 45376 | G30: 45381 | H30: 45379 | I30: direct link | J30: David Hennessy | K30: Michelle Condon | L30: Jimmy Brockie
A31: Eastern | B31: Sullivan | C31: Dun Laoghaire Musical & Dramatic Society | D31: Chess | E31: Pavillion Theatre | F31: 45398 | G31: 45402 | H31: 45401 | I31: direct link | J31: Stephen Fagan | K31: Lauren Dooley | L31: Barry Power
A32: Eastern | B32: Gilbert | C32: Dunboyne Musical Society | D32: The Addams Family | E32: Dunboyne | F32: 45385 | G32: 45388 | H32: 45388 | I32: direct link | J32: Orla Mulreid Deane | K32: Gráinne Kennedy | L32: Emer Hartnett
A33: Eastern | B33: Sullivan | C33: Dundalk Musical Society | D33: All Shook Up | E33: Dundalk | F33: 45217 | G33: 45221 | H33: 45241 | I33: direct link | J33: Laura Kerr | K33: Laura Kerr | L33: Ronan Dennedy
A34: Northern | B34: Sullivan | C34: Encore Performing Arts Academy | D34: The Nativity | E34: Strabane | F34: 45273 | G34: 45276 | H34: 45256 | I34: direct link | J34: Laura Douglas | K34: Rebecca Thompson / Caroline Barker | L34: Gerard Bradley
A35: Northern | B35: Sullivan | C35: Encore Performing Arts Academy | D35: Oliver! | E35: Strabane | F35: 45393 | G35: 45402 | H35: 45402 | I35: direct link | J35: Rebecca Thompson | K35: Rebecca Thompson | L35: Gerard Bradley
A36: South-West | B36: Gilbert | C36: Ennis Musical Society | D36: The Wedding Singer | E36: Ennis | F36: 45378 | G36: 45378 | H36: 45381 | I36: direct link | J36: Jessica Bray | K36: Laura Kane Allis | L36: Shane Farrell
A37: South-East | B37: Sullivan | C37: Enniscorthy Musical Society | D37: Happy Days | E37: Wexford | F37: 45384 | G37: 45388 | H37: 45387 | I37: direct link | J37: Imelda McDonagh | K37: James Dobbs | L37: Kevin Kennedy
... A41: Midlands | B41: Sullivan | C41: Fun House Theatre Company | D41: Calendar Girls | E41: Esker Arts Centre, Tullamore | F41: 45414 | G41: 45417 | H41: 45414 | I41: direct link | J41: Pat McElwain | K41: Chris Corroon | L41: Shane Farrell
A42: Eastern | B42: Sullivan | C42: Rathmines & Rathgar Musical Society | D42: Oliver! | E42: Rathmines | F42: 45239 | G42: 45241 | H42: not adjudicated | I42: not adjudicated | J42: Garry Mountaine | K42: Daniel Maguire | L42: Gearóid Grant
A43: Western | B43: Gilbert | C43: Galway Musical Society | D43: Oliver! | E43: Town Hall Theatre, Galway | F43: 45398 | G43: 45402 | H43: 45402 | I43: direct link | J43: Paul Norton | K43: Jay Molyneux | L43: John Roe
A44: Eastern | B44: Sullivan | C44: Glencullen Dundrum MDS | D44: Fiddler on the Roof | E44: The Mill, Dundrum | F44: 45370 | G44: 45374 | H44: 45370 | I44: direct link | J44: Seán MacMathúna | K44: Nicole McDonald | L44: Barry Power
A45: South-East | B45: Gilbert | C45: Gorey Musical Society | D45: Michael Collins | E45: Gorey Little Theatre | F45: 45390 | G45: 45395 | H45: 45392 | I45: direct link | J45: Stephen Acton | K45: Megan McEvoy | L45: Conor McCarthy
A46: Western | B46: Gilbert | C46: Galway University Musical Society | D46: American Idiot! | E46: Galway | F46: 45321 | G46: 45325 | H46: 45323 | I46: direct link | J46: Aisling Fox | K46: Jodie Finn | L46: Robert Cosgrove
A47: Eastern | B47: Gilbert | C47: Harolds Cross Tallaght Musical Society | D47: Little Shop of Horrors | E47: Civic Theatre, Tallaght | F47: 45237 | G47: 45241 | H47: 45240 | I47: =HYPERLINK("https://www.aims.ie/post/little-shop-of-horrors-as-presented-by-hxt-musical-society","direct link") -> direct link | J47: Ciarán Mooney | K47: Erica Delaney | L47: Dermot O'Callaghan
A48: South-East | B48: Sullivan | C48: Jack Cunningham Productions | D48: Guys and Dolls | E48: Theatre Royal, Waterford | F48: 45175 | G48: 45178 | H48: 45176 | I48: direct link | J48: Jack Cunningham | K48: Jack Cunningham | L48: Emma Walsh
A49: South-East | B49: Sullivan | C49: Jack Cunningham Productions | D49: Nunsense | E49: Garter Lane, Waterford | F49: 45385 | G49: 45388 | H49: not adjudicated | I49: not adjudicated | J49: Jack Cunningham | K49: Jack Cunningham | L49: Emma Walsh
A50: Eastern | B50: Gilbert | C50: Kilcock Musical & Dramatic Society | D50: Rock of Ages | E50: Kilcock | F50: 45384 | G50: 45388 | H50: 45386 | I50: direct link | J50: Dominic Reid | K50: Deirdre Browne | L50: Mairead McKenna
A51: South-East | B51: Gilbert | C51: Kilkenny Musical Society | D51: Sound of Music | E51: Kilkenny | F51: 45399 | G51: 45403 | H51: 45401 | I51: direct link | J51: Simon Manahan | K51: Roisín Currid | L51: Jimmy Brockie
A52: South-West | B52: Sullivan | C52: Killarney Musical Society | D52: Michael Collins | E52: Killarney | F52: 45356 | G52: 45358 | H52: 45357 | I52: direct link | J52: Oliver Hurley | K52: Oliver Hurley | L52: Michael Young
A53: Eastern | B53: Sullivan | C53: Kilmacud Musical Society | D53: Sister Act | E53: The Mill, Dundrum | F53: 45391 | G53: 45395 | H53: 45391 | I53: direct link | J53: Paul Fay | K53: Rachel Sheehan | L53: Kevin O'Sullivan
A54: Eastern | B54: Sullivan | C54: Kilmainham Inchicore Musical Society | D54: Young Frankenstein | E54: Inchicore College of Further Education | F54: 45231 | G54: 45234 | H54: 45255 | I54: direct link | J54: Art McGauran | K54: Siobhán Ryan | L54: Barry Power
A55: Eastern | B55: Gilbert | C55: Leixlip Musical & Variety Group | D55: The Producers | E55: Leixlip GAA | F55: 45405 | G55: 45409 | H55: 45409 | I55: direct link | J55: Claire Tighe | K55: Claire Tighe | L55: Dermot O'Callaghan
A56: Northern | B56: Sullivan | C56: Letterkenny Music & Drama Group | D56: All Shook Up | E56: Donegal | F56: 45257 | G56: 45262 | H56: 45255 | I56: direct link | J56: Tina Higgins / Maire McGinley | K56: Tina Higgins / Maire McGinley | L56: Denise Roper
A57: Northern | B57: Sullivan | C57: Letterkenny Musical Society | D57: The Addams Family | E57: Letterkenny | F57: 45356 | G57: 45360 | H57: 45360 | I57: direct link | J57: Maria Rushe | K57: Emmet Stewart | L57: Mairead Mckenna
A58: South-West | B58: Sullivan | C58: Limerick Musical Society | D58: Oliver! | E58: Limerick | F58: 45393 | G58: 45395 | H58: 45393 | I58: direct link | J58: Aoife McClafferty | K58: Amanda Kearns | L58: Shane Farrell
A59: Northern | B59: Sullivan | C59: Lisnagarvey Operatic and Dramatic Society | D59: Guys and Dolls | E59: Down | F59: 45398 | G59: 45402 | H59: 45402 | I59: direct link | J59: Wilfie Pyper | K59: Jordan Rosborough | L59: Keith Pyper
A60: Northern | B60: Sullivan | C60: Londonderry Musical Society | D60: Oliver! | E60: Londonderry | F60: 45371 | G60: 45374 | H60: 45374 | I60: direct link | J60: Michael Poole | K60: Vanessa Chapman | L60: Peter Doherty
A61: South-West | B61: Sullivan | C61: Light Opera Society of Tralee (LOST) | D61: Phantom of the Opera | E61: Tralee | F61: 45238 | G61: 45241 | H61: 45238 | I61: direct link | J61: Gráinne O'Carroll | K61: Aileen Murphy | L61: Aidan O'Carroll
... A66: Eastern | B66: Gilbert | C66: Maynooth University Musical and Dramatics Society | D66: Cats | E66: Meath | F66: 45391 | G66: 45394 | H66: 45393 | I66: direct link | J66: Gavin Murphy | K66: Gavin Murphy (Asst. Amy Mulreid) | L66: Ben Cully
A67: Northern | B67: Sullivan | C67: Ballyshannon Musical Society | D67: Beautiful : Carole King | E67: Donegal | F67: 45349 | G67: 45353 | H67: not adjudicated | I67: not adjudicated | J67: Moya Ferguson | K67: Karla Lacey | L67: n/a
A68: Western | B68: Sullivan | C68: Ennistymon Choral Society | D68: Happy Days | E68: Clare | F68: 45392 | G68: 45396 | H68: not adjudicated | I68: not adjudicated | J68: n/a | K68: n/a | L68: n/a
A69: Northern | B69: Gilbert | C69: Belfast Operatic Company | D69: Phantom of the Opera | E69: Belfast | F69: 45412 | G69: 45417 | H69: not adjudicated | I69: not adjudicated | J69: n/a | K69: n/a | L69: n/a
A70: Western | B70: Sullivan | C70: Glenamaddy Musical Society | D70: Sister Act | E70: Glenamaddy | F70: 45266 | G70: 45270 | H70: not adjudicated | I70: not adjudicated | J70: n/a | K70: n/a | L70: n/a
A71: South-West | B71: Sullivan | C71: Kilrush Choral Society | D71: Sister Act | E71: Kilrush | F71: 45384 | G71: 45388 | H71: not adjudicated | I71: not adjudicated | J71: n/a | K71: n/a | L71: n/a
A72: Eastern | B72: Sullivan | C72: Naas Musical Society | D72: 9 to 5 | E72: Moat Theatre | F72: 45360 | G72: 45366 | H72: 45361 | I72: direct link | J72: Sharon McNamara | K72: Grace McGrath | L72: Mairead McKenna
A73: Northern | B73: Sullivan | C73: North East Musical and Dramatic Society | D73: All Shook Up | E73: Monaghan | F73: 45237 | G73: 45241 | H73: 45261 | I73: direct link | J73: Gavin Quigley | K73: Leah Meagher | L73: Shane McVicker
A74: South-West | B74: Sullivan | C74: Nenagh Choral Society Ltd | D74: Beauty & The Beast | E74: Tipperary | F74: 45369 | G74: 45374 | H74: 45369 | I74: direct link | J74: Greg Browne | K74: Stephanie Browne | L74: Laura Kearney
A75: South-West | B75: Sullivan | C75: Nenagh Choral Society Youth Academy | D75: Legally Blonde | E75: Tipperary | F75: 45202 | G75: 45206 | H75: 45234 | I75: direct link | J75: Stephanie Browne | K75: Stephanie Browne | L75: Mary Rose McNally
A76: Midlands | B76: Gilbert | C76: Newbridge Musical Society | D76: Legally Blonde | E76: Newbridge | F76: 45383 | G76: 45388 | H76: 45384 | I76: direct link | J76: Art McGauran | K76: Aine Foley | L76: Dave McGauran
A77: Northern | B77: Gilbert | C77: Newcastle Glees Musical Society | D77: Calendar Girls | E77: Antrim | F77: 45365 | G77: 45374 | H77: 45372 | I77: direct link | J77: Laura Kerr | K77: Clare Donnelly | L77: Mary Tilley
A78: Northern | B78: Gilbert | C78: Newcastle Glees Musical Society | D78: Urinetown | E78: Newcastle | F78: 45246 | G78: 45255 | H78: 45254 | I78: direct link | J78: Laura Kerr | K78: Clare Donnelly | L78: Mark Tilley
A79: South-West | B79: Sullivan | C79: Newcastlewest Musical Society | D79: Calamity Jane | E79: Antrim | F79: 45232 | G79: 45241 | H79: 45248 | I79: direct link | J79: Susan Browne | K79: Susan Browne | L79: Michael Young
A80: Northern | B80: Sullivan | C80: Newry Musical Society | D80: Sister Act | E80: Newry | F80: 45356 | G80: 45359 | H80: 45359 | I80: direct link | J80: David Cunningham | K80: Lisa Irvine | L80: Fiona Flynn
A81: Northern | B81: Sullivan | C81: Newry Youth Performing Arts | D81: Les Miserables | E81: Newry | F81: 45391 | G81: 45395 | H81: 45395 | I81: direct link | J81: Jordan Walsh | K81: Paul Burns | L81: Matthew Milford
A82: South-East | B82: Sullivan | C82: North Wexford Musical Theatre | D82: RENT | E82: Gorey Little Theatre | F82: 45183 | G82: 45185 | H82: 45184 | I82: direct link | J82: Stephen Acton | K82: Megan Lopez | L82: Conor McCarthy
A83: South-East | B83: Gilbert | C83: New Ross Musical Society | D83: Fiddler on the Roof | E83: St. Michael's Theatre, New Ross | F83: 45356 | G83: 45360 | H83: 45357 | I83: direct link | J83: Derek Shannon | K83: Anne-Marie Cooney | L83: Jimmy Brockie
... A96: Midlands | B96: Gilbert | C96: St. Mel's Musical Society, Longford | D96: Legally Blonde | E96: Longford | F96: 45384 | G96: 45388 | H96: 45385 | I96: direct link | J96: Alan Greaney | K96: Niamh O’Brien | L96: Vince Tully
A97: Northern | B97: Gilbert | C97: St. Patrick's Choral Society, Downpatrick | D97: All Shook Up | F97: 45238 | G97: 45241 | H97: 45239 | I97: direct link | J97: Simon Pyper | K97: Alex McFarlane | L97: Wilson Shields
A98: Eastern | B98: Sullivan | C98: Stage One New-Musical Group (S.O.N.G.) | D98: Les Miserables | E98: Newry | F98: 45245 | G98: 45249 | H98: 45339 | I98: direct link | J98: Nik Parks | K98: Teresa Dunne | L98: Patrick Dunne
A99: South-East | B99: Sullivan | C99: Striking Productions Carlow | D99: Little Mermaid | E99: Rathwood Big Top | F99: 45415 | G99: 45417 | H99: 45415 | I99: direct link | J99: Robert O'Neill | K99: Tracy Rea | L99: Joan Butler
A100: South-East | B100: Sullivan | C100: Studio 55 Dance Academy | D100: Elf | E100: Arklow | F100: 45275 | G100: 45277 | H100: 45339 | I100: direct link | J100: Stephen Acton | K100: Martina Lynch | L100: Amy Penston
A101: Eastern | B101: Gilbert | C101: Teachers' Musical Society | D101: Hunchback of Notre Dame | E101: St. Pat's DCU | F101: 45363 | G101: 45367 | H101: 45365 | I101: direct link | J101: Ciarán Mooney | K101: Ciarán Mooney & Nicole McDonald | L101: Dermot O'Callaghan
A102: Midlands | B102: Sullivan | C102: The Odd Theatre Company | D102: Once | E102: Newbridge | F102: 45246 | G102: 45248 | H102: 45339 | I102: direct link | J102: Cian O'Dowd | K102: Áine Foley | L102: Keelin Kilduff
A103: South-West | B103: Gilbert | C103: Thurles Musical Society | D103: Big Fish | E103: Premier Hall | F103: 45370 | G103: 45374 | H103: 45374 | I103: direct link | J103: Oliver Hurley | K103: Oliver Hurley | L103: Mary Rose McNally
A104: South-West | B104: Gilbert | C104: Tipperary Musical Society | D104: Young Frankenstein | E104: Tipperary | F104: 45334 | G104: 45339 | H104: 45336 | I104: direct link | J104: Paul Norton | K104: Stephanie Browne | L104: Mary Rose McNally
A105: South-West | B105: Gilbert | C105: Tralee Musical Society | D105: Sister Act | E105: Tralee | F105: 45391 | G105: 45395 | H105: 45394 | I105: direct link | J105: Oliver Hurley | K105: Justin Walsh | L105: Michael Young
A106: Eastern | B106: Gilbert | C106: Trim Musical Society | D106: 9 to 5 | E106: Meath | F106: 45334 | G106: 45339 | H106: 45337 | I106: direct link | J106: Stephen Acton | K106: Laura Douglas | L106: Dermot O'Callaghan
A107: Eastern | B107: Sullivan | C107: Trinity Musical Theatre Society | D107: Carrie | E107: Dublin | F107: 45336 | G107: 45339 | H107: 45339 | I107: direct link | J107: Makena Margolin | K107: Grace Skowronski | L107: Erica O’Reilly
A108: Midlands | B108: Gilbert | C108: Tullamore Musical Society | D108: Rock of Ages | E108: Esker Arts Centre, Tullamore | F108: 45332 | G108: 45339 | H108: 45334 | I108: direct link | J108: Claire Tighe | K108: Claire Tighe | L108: Enda O'Connor
A109: Northern | B109: Sullivan | C109: Tullyvin Musical Society | D109: Little Shop of Horrors | E109: Tullyvin | F109: 45216 | G109: 45220 | H109: 45241 | I109: direct link | J109: Paul Norton | K109: Julianne McNamara | L109: Dave McGauran | N109: 16
A110: South-West | B110: Sullivan | C110: UCC Musical Theatre Society | D110: Grease | E110: Cork | F110: 45393 | G110: 45395 | H110: 45394 | I110: direct link | J110: Daniel Cremin / Rosie O’Byrne | K110: Chloe Leahy | L110: Lucia Schmetterer
A111: Eastern | B111: Gilbert | C111: UCD Musical Society | D111: Bare | E111: Astra Hall | F111: 45196 | G111: 45198 | H111: 45197 | I111: direct link | J111: Sorcha McGlynn | K111: Brianna Kelly | L111: Luke Shiels
A112: Eastern | B112: Gilbert | C112: UCD Musical Society | D112: Footloose | E112: Astra Hall | F112: 45252 | G112: 45255 | H112: 45252 | I112: direct link | J112: Becca Lennon | K112: Maya Gaul | L112: Edie Weinstein
A113: Eastern | B113: Gilbert | C113: UCD Musical Society | D113: Gypsy | E113: Astra Hall | F113: 45357 | G113: 45360 | H113: 45359 | I113: direct link | J113: Aoife Joy Keogh | K113: Megan O'Neill | L113: Dermot Edmondson
A114: South-West | B114: Sullivan | C114: University of Limerick Musical Theatre Society | D114: The 25th Annual Putnam County Spelling Bee | E114: Limerick | F114: 45385 | G114: 45387 | H114: 45385 | I114: direct link | J114: Alison Kearney | K114: Alison Kearney | L114: Michael Young
A115: Northern | B115: Gilbert | C115: Ulster Operatic Company | D115: Evita | E115: Belfast | F115: 45189 | G115: 45192 | H115: 45191 | I115: direct link | J115: Tony Finnegan | K115: Ann Marie Morgan | L115: Wilson Shields
A116: South-East | B116: Gilbert | C116: Waterford Musical Society | D116: Evita | E116: Theatre Royal, Waterford | F116: 45412 | G116: 45416 | H116: 45415 | I116: direct link | J116: Liam Butler | K116: Ali Reville | L116: Wayne Brown
A117: South-East | B117: Gilbert | C117: Wexford Light Opera Society | D117: Phantom of the Opera | E117: National Opera House, Wexford | F117: 45411 | G117: 45416 | H117: 45416 | I117: direct link | J117: Christine Scarry | K117: Thérése O’Sullivan | L117: David Hayes

Sheet DC Watchlist 2024
B5: Section | C5: Soc | D5: Show
B6: Gilbert | C6: Carrick-on-Suir | D6: 9 to 5
B7: Gilbert | C7: DHMDS | D7: Beautiful : Carole King
B8: Gilbert | C8: Thurles | D8: Big Fish
B9: Gilbert | C9: Waterford MS | D9: Evita
B10: Gilbert | C10: NRMS | D10: Fiddler on the Roof
B11: Gilbert | C11: Entr'acte | D11: Guys and Dolls
B12: Gilbert | C12: Teachers | D12: Hunchback of Notre Dame
B13: Gilbert | C13: Avonmore MS | D13: Little Mermaid
B14: Gilbert | C14: HXT | D14: Little Shop of Horrors
B15: Gilbert | C15: Portlaoise | D15: Made in Dagenham
B16: Gilbert | C16: Gorey | D16: Michael Collins
... B39: Sullivan | C39: KIMS | D39: Young Frankenstein

Sheet AIMS Season - 24_25
A1: Region | B1: Category (24/25) | C1: Society | D1: Show | E1: Opening | F1: Closing | G1: Adjudication Date | H1: Review Online | I1: Director | J1: Musical Director | K1: Choreographer | M1: Venue
A2: Western | B2: Gilbert | C2: 9 Arch Musical Society | D2: Rock of Ages | E2: 45617 | F2: 45619 | G2: 45619 | H2: link | I2: Alan Greaney | J2: Shane Farrell | K2: Jay Molyneux
A3: Western | B3: n/a | C3: Achill Musical & Dramatic Society | D3: Calamity Jane | E3: 45709 | F3: 45710 | G3: n/a | H3: n/a | M3: Theatre Royal, Waterford
A4: South-West | B4: Sullivan | C4: Aghada Centre Theatre Group | D4: Me and My Girl | E4: 45703 | F4: 45709 | G4: 45705 | H4: link | I4: Sinead Dunlea | J4: Robbie Pender | K4: Aileen McMurtry | M4: Gorey Little Theatre
A5: Midlands | B5: Gilbert | C5: Athlone Musical Society | D5: Cry-Baby | E5: 45716 | F5: 45724 | G5: 45724 | H5: link | I5: Alfie Kilduff | J5: Ger Madden | K5: Jay Molyneux
A6: South-East | B6: Gilbert | C6: Avonmore Musical Society | D6: Shrek | E6: 45769 | F6: 45773 | G6: 45773 | H6: link | I6: Amy Penston-Hendley | J6: Conor McCarthy | K6: Martina Lynch
A7: Eastern | B7: Sullivan | C7: Baldoyle Musical Society | D7: All Shook Up | E7: 45769 | F7: 45773 | G7: 45773 | H7: link | I7: Yvette Cuffe Keena | J7: Gay Kirwan | K7: Denise Donohue | M7: Temperance Hall, Loughrea
A8: Western | B8: Gilbert | C8: Ballinrobe Musical Society | D8: Hunchback of Notre Dame | E8: 45704 | F8: 45710 | G8: 45704 | H8: link | I8: Alan Greaney | J8: Shane Farrell | K8: Aoife McClafferty | M8: Astra Hall
A9: Midlands | B9: Sullivan | C9: Ballinasloe Musical Society | D9: The Little Mermaid | E9: 45728 | F9: 45738 | G9: 45738 | H9: link | I9: Ronan Lardner | J9: Shane Farrell | K9: Aoife McClafferty
A10: Northern | B10: Sullivan | C10: Ballyshannon Musical Society | D10: Little Shop of Horrors | E10: 45713 | F10: 45717 | G10: n/a | H10: n/a
A11: Northern | B11: Sullivan | C11: Ballywillan Drama Group | D11: Charlie & The Chocolate Factory | E11: 45674 | F11: 45689 | G11: 45682 | H11: link | I11: Brian Logan | J11: Andrew Robinson | K11: Sharon Logan / Laura Fisher
A12: Northern | B12: Gilbert | C12: Banbridge Musical Society | D12: Sister Act | E12: 45756 | F12: 45759 | G12: 45759 | H12: link | I12: Jordan Walsh-Rhodes | J12: Brian Greene | K12: Aveen Stewart
A13: Northern | B13: Gilbert | C13: Belfast Operatic Company | D13: Les Miserables: Let the People Sing | E13: 45720 | F13: 45724 | G13: n/a | H13: n/a
A14: South-West | B14: Sullivan | C14: Bellvue Academy of Performing Arts | D14: West Side Story | E14: 45714 | F14: 45718 | G14: 45718 | H14: link | I14: Lisa Kelly | J14: Niall Kelly | K14: Keith Dwyer Greene
A15: Midlands | B15: Sullivan | C15: Birr Stage Guild | D15: The Singing River (Original) | E15: 45785 | F15: 45787 | G15: n/a | H15: n/a
A16: Northern | B16: Gilbert | C16: Bosco Drama Group | D16: Frozen Jr. | E16: 45567 | F16: 45570 | G16: 45570 | H16: link | I16: Corinna McCaughey | J16: Aislinn McGinn | K16: Ann Marie Morgan
A17: Western | B17: Sullivan | C17: Boyle Musical Society | D17: The Sound of Music | E17: 45616 | F17: 45619 | G17: 45618 | H17: link | I17: Vivienne Moran | J17: Anne Kielty | K17: Victoria Walker
A18: Western | B18: Gilbert | C18: Bravo Theatre Group | D18: West Side Story | E18: 45560 | F18: 45563 | G18: 45563 | H18: link | I18: Aoife McClafferty | J18: Jay Molyneux | K18: Shane Farrell
A19: South-East | B19: Sullivan | C19: Bray Musical Society | D19: Legally Blonde | E19: 45762 | F19: 45766 | G19: 45757 | H19: link | I19: Emma Thornton | J19: Naoimh Penston | K19: Yvonne Prendergast
A20: South-East | B20: Gilbert | C20: Carnew Musical Society | D20: Beauty & The Beast | E20: 45621 | F20: 45626 | G20: 45626 | H20: link | I20: Michael Dunbar | J20: Conor McCarthy | K20: Graham Finnerty
A21: South-West | B21: Gilbert | C21: Carrick-on-Suir Musical Society | D21: The Addams family | E21: 45747 | F21: 45752 | G21: 45749 | H21: link | I21: Andrew Holden | J21: Fergus Carroll | K21: Keith Dwyer Greene
A22: South-West | B22: Sullivan | C22: Carrigaline Musical Society | D22: The Addams Family | E22: 45596 | F22: 45599 | G22: n/a | H22: n/a
A23: Western | B23: Sullivan | C23: Castlebar Musical & Dramatic Society | D23: Sister Act | E23: 45743 | F23: 45745 | G23: 45745 | H23: link | I23: Donna Ruane | J23: Deirdre Lee | K23: Claudia O'Sullivan
A24: Western | B24: Sullivan | C24: Castlerea Musical Society | D24: Oklahoma Annie | E24: 45784 | F24: 45787 | G24: 45785 | H24: link | I24: Ronan Lardner | J24: Shane Farrell | K24: Ria Purcell
A25: South-West | B25: Gilbert | C25: Cecilian Musical Society, Limerick | D25: The Wedding Singer | E25: 45616 | F25: 45619 | G25: 45619 | H25: link | I25: Des Henn | J25: Michael Young | K25: Barbara Meany
A26: Eastern | B26: Sullivan | C26: Clane Musical & Dramatic Society | D26: Sister Act | E26: 45745 | F26: 45750 | G26: 45749 | H26: link | I26: Jennifer O’Brien | J26: Gráinne Uí Luing | K26: Grace McGrath
A27: Midlands | B27: Gilbert | C27: Clara Musical Society | D27: Sweet Charity | E27: 45755 | F27: 45759 | G27: 45755 | H27: link | I27: Alan Recks | J27: Alan Recks | K27: Dylan O'Keefe
A28: Western | B28: Sullivan | C28: Claremorris Musical Society | D28: The Addams Family | E28: 45686 | F28: 45689 | G28: 45686 | H28: link | I28: Donna Ruane | J28: Deirdre Lee | K28: Jay Molyneux | M28: Astra Hall
A29: Eastern | B29: Gilbert | C29: Coolmine Musical Society | D29: Sister Act | E29: 45608 | F29: 45612 | G29: 45609 | H29: link | I29: E.J. Reilly | J29: Caitriona Ní Threasaigh | K29: Nicole McDonald | M29: Hawk's Well Theatre, Sligo
A30: Eastern | B30: Sullivan | C30: Dun Laoghaire Musical & Dramatic Society | D30: Made in Dagenham | E30: 45756 | F30: 45759 | G30: 45756 | H30: link | I30: Stephen Fagan | J30: Barry Power | K30: Lauren Dooley
A31: Eastern | B31: Gilbert | C31: Dunboyne Musical Society | D31: The Wedding Singer | E31: 45769 | F31: 45773 | G31: 45770 | H31: link | I31: Orla Mulreid-Deane | J31: Caitriona Ni Threasaigh | K31: Gráinne Kennedy
A32: Eastern | B32: Sullivan | C32: Dundalk Musical Society | D32: Beauty & The Beast | E32: 45581 | F32: 45585 | G32: 45585 | H32: link | I32: Laura Kerr | J32: Elizabeth Freeburn | K32: Clare Donnelly | M32: St Michael's Theatre, New Ross
A33: Western | B33: Sullivan | C33: Dunmore Musical Society | D33: The Sound of Music | E33: 45769 | F33: 45773 | G33: 45771 | H33: link | I33: Joan MacDonnell | J33: Eoghan Connolly | K33: Aoife McClafferty
A34: South-West | B34: Gilbert | C34: Ennis Musical Society | D34: The Witches of Eastwick | E34: 45749 | F34: 45752 | G34: 45752 | H34: link | I34: Sarah Kenny | J34: Shane Farrell | K34: Laura Jane Allas | M34: National Opera House
A35: South-East | B35: Sullivan | C35: Enniscorthy Musical Society | D35: Joseph and his Amazing Technicolor Dreamcoat | E35: 45769 | F35: 45773 | G35: 45770 | H35: link | I35: Imelda McDonagh | J35: Kevin Kennedy | K35: James Dobbs
A36: Western | B36: Sullivan | C36: Ennistymon Choral Society | D36: Grease | E36: 45777 | F36: 45781 | G36: n/a | H36: n/a | M36: Dublin
A37: Eastern | B37: Gilbert | C37: Entr'acte Musical Theatre Society | D37: Sweeney Todd | E37: 45707 | F37: 45710 | G37: 45707 | H37: link | I37: Niamh McGowan | J37: Roisín Heenan | K37: Niamh McGowan | M37: Riverbank Theatre
A38: Northern | B38: Sullivan | C38: Fermanagh Musical Theatre | D38: Rent | E38: 45519 | F38: 45528 | G38: 45526 | H38: link | I38: Sam McElgunn | J38: Moya Sweeney | K38: Chloe Martin / Cara Murphy
A39: South-West | B39: Sullivan | C39: Fermoy Musical Society | D39: Shrek | E39: 45598 | F39: 45605 | G39: 45599 | H39: link | I39: Killian Collins | J39: Ronan Holohan | K39: Therese O'Sullivan
A40: Northern | B40: Sullivan | C40: Fortwilliam Musical Society | D40: Footloose | E40: 45757 | F40: 45759 | G40: n/a | H40: n/a
A41: Western | B41: Gilbert | C41: Galway Musical Society | D41: Sweeney Todd | E41: 45777 | F41: 45781 | G41: 45781 | H41: link | I41: Paul Nippy Norton | J41: John Roe | K41: Jay Molyneux
A42: Western | B42: Sullivan | C42: Glenamaddy Musical Society | D42: The Addams Family | E42: 45625 | F42: 45633 | G42: 45626 | H42: link | I42: Nigel Cassidy | J42: Mary Jo Fitzpatrick | K42: Niamh O' Flanagan
A43: Eastern | B43: Sullivan | C43: Glencullen Dundrum MDS | D43: All Shook Up | E43: 45741 | F43: 45745 | G43: 45742 | H43: link | I43: Damien Hurley | J43: Barry Power | K43: Nicole McDonald
A44: South-East | B44: Gilbert | C44: Gorey Musical Society | D44: Jekyll & Hyde | E44: 45754 | F44: 45759 | G44: 45754 | H44: link | I44: Stephen Acton | J44: Conor McCarthy | K44: Megan McEvoy
A45: Western | B45: Gilbert | C45: Galway University Musical Society | D45: Guys and Dolls | E45: 45692 | F45: 45696 | G45: 45696 | H45: link | I45: Kate O’Dowd | J45: Sarah O’Dowd and Eoin Nicklin | K45: Lorna Collins
A46: Eastern | B46: Gilbert | C46: Harolds Cross Tallaght Musical Society | D46: Big Fish | E46: 45601 | F46: 45605 | G46: 45604 | H46: link | I46: Niamh McGowan | J46: Dermot O'Callaghan | K46: Erica Delaney
A47: South-East | B47: Gilbert | C47: Jack Cunningham Productions | D47: Crazy For You | E47: 45539 | F47: 45542 | G47: 45542 | H47: link | I47: Jack Cunningham | J47: Emma Walsh | K47: Jack Cunningham
A48: Eastern | B48: Gilbert | C48: Kilcock Musical & Dramatic Society | D48: Priscilla Queen of the Desert | E48: 45769 | F48: 45773 | G48: 45769 | H48: link | I48: Dominic Reid | J48: Mairead McKenna | K48: Deirdre Browne | M48: Ballinrobe Community School
A49: South-East | B49: Gilbert | C49: Kilkenny Musical Society | D49: Legally Blonde | E49: 45756 | F49: 45760 | G49: 45756 | H49: link | I49: Simon Manahan | J49: Jimmy Brockie | K49: Roisín Currid
A50: Eastern | B50: Sullivan | C50: Kill Musical & Dramatic Society | D50: Made in Dagenham | E50: 45685 | F50: 45689 | G50: 45685 | H50: link | I50: Tom McCarthy | J50: Emert Hartnett | K50: Imelda Winters
A51: South-West | B51: Gilbert | C51: Killarney Musical Society | D51: Evita | E51: 45727 | F51: 45729 | G51: 45729 | H51: link | I51: Liam Butler | J51: Jimmy Brockie | K51: Stephen Ó Riaín
A52: Eastern | B52: Sullivan | C52: Kilmacud Musical Society | D52: Joseph and his Amazing Technicolor Dreamcoat | E52: 45755 | F52: 45759 | G52: 45755 | H52: link | I52: Stephen Halion | J52: Kevin O'Sullivan | K52: Rachel Sheahan
A53: Eastern | B53: Gilbert | C53: Kilmainham Inchicore Musical Society | D53: Rock of Ages | E53: 45594 | F53: 45598 | G53: 45598 | H53: link | I53: Stephen Fagan | J53: Amy Penston-Hendley | K53: Siobhán Ryan
A54: South-West | B54: Sullivan | C54: Kilrush Choral Society | D54: The Addams Family | E54: 45769 | F54: 45773 | G54: n/a | H54: n/a
A55: Eastern | B55: Gilbert | C55: Leixlip Musical & Variety Group | D55: Our House | E55: 45776 | F55: 45780 | G55: 45776 | H55: link | I55: Claire Tighe | J55: Dermot O'Callaghan | K55: Claire Tighe / Jennifer Dawson
A56: Northern | B56: Sullivan | C56: Letterkenny Music & Drama Group | D56: Shrek | E56: 45629 | F56: 45634 | G56: 45633 | H56: link | I56: Tina Higgins and Maire McGinley | J56: Denise Roper | K56: Tina Higgins and Maire McGinley
A57: Northern | B57: Sullivan | C57: Letterkenny Musical Society | D57: Charlie & The Chocolate Factory | E57: 45720 | F57: 45724 | G57: n/a | H57: n/a
A58: South-West | B58: Sullivan | C58: Light Opera Society of Tralee (LOST) | D58: Jesus Christ Superstar | E58: 45714 | F58: 45717 | G58: 45714 | H58: link | I58: Grainne O’Carroll | J58: Anna Connolly | K58: Aileen Murphy | M58: White Memorial Theatre, Clonmel
A59: South-West | B59: Sullivan | C59: Limerick Musical Society | D59: Charlie & The Chocolate Factory | E59: 45750 | F59: 45752 | G59: 45750 | H59: link | I59: Des Henn | J59: Niall Kelly | K59: Amanda Pierce
A60: Northern | B60: Sullivan | C60: Londonderry Musical Society | D60: Oklahoma | E60: 45756 | F60: 45759 | G60: 45758 | H60: link | I60: Michael Poole | J60: Peter Doherty | K60: Vanessa Chapman | M60: Astra Hall
A61: Eastern | B61: Gilbert | C61: Malahide Musical & Dramatic Society | D61: Urinetown | E61: 45706 | F61: 45710 | G61: 45706 | H61: link | I61: EJ Reilly | J61: Dave McGauran | K61: Jules McNamara | M61: St Michael's Theatre, New Ross
A62: Western | B62: Gilbert | C62: Marian Choral Society, Tuam | D62: Beauty & The Beast | E62: 45594 | F62: 45598 | G62: 45598 | H62: link | I62: Aoife McClafferty | J62: Shane Farrell | K62: Jay Molyneux
A63: South-West | B63: Sullivan | C63: Mary I Dramatic Arts Society | D63: Legally Blonde | E63: 45750 | F63: 45752 | G63: 45751 | H63: link | I63: Melissa Flaherty | J63: Michael Young | K63: Grace Bourke
A64: South-West | B64: Gilbert | C64: Mitchelstown Musical Society | D64: Spongebob Squarepants | E64: 45735 | F64: 45738 | G64: 45738 | H64: link | I64: Michael-Anthony Greene | J64: Michael Young | K64: Aileen Coffey
A65: Eastern | B65: Gilbert | C65: Maynooth University Musical and Dramatics Society | D65: Rocky Horror Picture Show | E65: 45755 | F65: 45759 | G65: 45758 | H65: link | I65: Shane Dornan | J65: Louise Gilmore | K65: Mark Lehane
A66: South-West | B66: Gilbert | C66: Muse Productions | D66: Forever Plaid | E66: 45547 | F66: 45549 | G66: 45549 | H66: link | I66: Martin McNelis | J66: Shannon Hegarty | K66: Gary Loughnane
A67: South-West | B67: Gilbert | C67: Muse Productions | D67: Shakespeare in Love | E67: 45595 | F67: 45597 | G67: n/a | H67: n/a
A68: Eastern | B68: Sullivan | C68: Naas Musical Society | D68: Young Frankenstein | E68: 45731 | F68: 45738 | G68: 45735 | H68: link | I68: Sharon McNamara | J68: Mairead McKenna | K68: Deirdre Browne | M68: Dublin
A69: Northern | B69: Gilbert | C69: North East Musical and Dramatic Society | D69: Calendar Girls | E69: 45749 | F69: 45752 | G69: 45749 | H69: link | I69: Brian Gilligan | J69: Shane McVicker | K69: Gavin Quigley (Movement)
A70: Northern | B70: Gilbert | C70: North East Musical and Dramatic Society | D70: The Wedding Singer | E70: 45608 | F70: 45612 | G70: 45616 | H70: link | I70: Gavin Quigley | J70: Shane McVicker | K70: Leah Meagher
A71: South-West | B71: Sullivan | C71: Nenagh Choral Society Ltd | D71: Made in Dagenham | E71: 45733 | F71: 45738 | G71: 45736 | H71: link | I71: Greg Browne | J71: Laura Kearney | K71: Stephanie Browne | M71: Millbank Theatre, Rush
A72: South-West | B72: Gilbert | C72: Nenagh Choral Society Youth Academy | D72: Shrek | E72: 45566 | F72: 45570 | G72: 45569 | H72: link | I72: Stephanie Browne | J72: Mary-Rose McNally | K72: Stephanie Browne
A73: South-East | B73: Gilbert | C73: New Ross Musical Society | D73: Beauty & The Beast | E73: 45718 | F73: 45724 | G73: 45720 | H73: link | I73: Derek Shannon | J73: Jimmy Brockie | K73: Anne-Marie Cooney
A74: Midlands | B74: Gilbert | C74: Newbridge Musical Society | D74: The Witches of Eastwick Footloose | E74: 45768 | F74: 45773 | G74: 45768 | H74: link | I74: Art McGauran | J74: Dave McGauran | K74: Áine Foley
A75: Northern | B75: Gilbert | C75: Newcastle Glees Musical Society | D75: Guys and Dolls | E75: 45596 | F75: 45605 | G75: 45605 | H75: link | I75: Laura Kerr | J75: Mark Tilley | K75: Clare Donnelly
A76: Northern | B76: Gilbert | C76: Newcastle Glees Musical Society | D76: Calendar Girls 2.0 | E76: 45736 | F76: 45745 | G76: n/a | H76: n/a | M76: Strand Theatre
A77: South-West | B77: Sullivan | C77: Newcastlewest Musical Society | D77: The Addams Family | E77: 45596 | F77: 45605 | G77: 45603 | H77: link | I77: Susan Browne | J77: Elaine Davern | K77: Susan Browne
A78: Northern | B78: Sullivan | C78: Newry Youth Performing Arts | D78: Rock of Ages | E78: 45546 | F78: 45549 | G78: 45549 | H78: link | I78: Jordan Walsh-Rhodes | J78: - | K78: Paul Burns
A79: Northern | B79: Sullivan | C79: Newry Youth Performing Arts | D79: Shrek | E79: 45762 | F79: 45766 | G79: 45763 | H79: link | I79: Jordan Walsh-Rhodes | J79: Aislinn McGinn | K79: Paul Burns | P79: Review Schedule
A80: South-East | B80: Gilbert | C80: North Wexford Musical Theatre | D80: Spring Awakening | E80: 45539 | F80: 45542 | G80: 45541 | H80: link | I80: Stephen Acton | J80: Conor McCarthy | K80: Roisín Currid
A81: South-East | B81: Gilbert | C81: Oyster Lane Theatre Group | D81: A Christmas Carol | E81: 45620 | F81: 45624 | G81: 45623 | H81: link | I81: Thomas O' Leary | J81: Patrick Clancy | K81: Jonny Smith | M81: Gorey Little Theatre
A82: Western | B82: Sullivan | C82: Pop-Up Theatre, Sligo | D82: Sweeney Todd | E82: 45771 | F82: 45773 | G82: 45772 | H82: link | I82: Karen Gordon | J82: Niamh Crowley | K82: Ciara Frahill | M82: Solstice Arts Centre
A83: Midlands | B83: Gilbert | C83: Portlaoise Musical Society | D83: Guys and Dolls | E83: 45612 | F83: 45619 | G83: 45614 | H83: link | I83: Art McGauran | J83: Mary Rose McNally | K83: Stephanie Browne | M83: Mill theatre
A84: South-East | B84: Gilbert | C84: Quayplayers Musical & Dramatic Society | D84: Everyone's Talking about Jamie | E84: 45763 | F84: 45767 | G84: 45766 | H84: link | I84: David Hennessy | J84: Jimmy Brockie | K84: Michelle Condon
A85: Northern | B85: Sullivan | C85: Queen's Musical Theatre Society | D85: 9 to 5 | E85: 45715 | F85: 45717 | G85: 45717 | H85: link | I85: Charlie McCready | J85: Wyatt Brower | K85: Russell Unsworth
A86: Eastern | B86: Sullivan | C86: Rathmines & Rathgar Musical Society | D86: Guys and Dolls | E86: 45601 | F86: 45605 | G86: n/a | H86: n/a | M86: Watergate Theatre, Kilkenny
A87: South-West | B87: Sullivan | C87: Roscrea Musical Society | D87: Cry Baby | E87: 45782 | F87: 45787 | G87: 45783 | H87: link | I87: Paul Norton | J87: Mary Rose McNally | K87: Stephanie Browne
A88: Eastern | B88: Gilbert | C88: Rush Musical Society | D88: Young Frankenstein | E88: 45736 | F88: 45745 | G88: 45737 | H88: link | I88: Wilfie Pyper | J88: Sarah Lynch Barrett | K88: Leah Meagher
A89: Eastern | B89: Gilbert | C89: SGPA | D89: Singin' In the Rain | E89: 45569 | F89: 45571 | G89: n/a | H89: n/a
A90: South-West | B90: Gilbert | C90: Shannon Musical Society | D90: Cry-Baby | E90: 45704 | F90: 45710 | G90: 45708 | H90: link | I90: Tony Finnegan | J90: Carmel Griffin | K90: Stephen O'Ríain | M90: White Memorial Theatre, Clonmel
A91: Western | B91: Sullivan | C91: Sligo Fun Company | D91: Annie The Musical | E91: 45601 | F91: 45605 | G91: n/a | H91: n/a
A92: Western | B92: Sullivan | C92: Sligo Musical Society | D92: Charlie & The Chocolate Factory | E92: 45706 | F92: 45710 | G92: n/a | H92: n/a
A93: South-East | B93: Sullivan | C93: St. Michael's Theatre Musical Society | D93: The Witches of Eastwick | E93: 45616 | F93: 45619 | G93: 45619 | H93: link | I93: Kevin Kennedy | J93: Philip Kennedy | K93: Claire Kickham | M93: Garter Lane
A94: Northern | B94: Gilbert | C94: St. Agnes Choral Society | D94: Calamity Jane | E94: 45608 | F94: 45612 | G94: 45612 | H94: link | I94: Laura Kerr | J94: Andrew Robinson | K94: Amy Blackshow
A95: Western | B95: Sullivan | C95: St. Brendan's Choral and Dramatic Society | D95: Grease | E95: 45637 | F95: 45640 | G95: 45638 | H95: link | I95: Ronan Lardner | J95: Shane Farrell | K95: Ronan Lardner
A96: South-West | B96: Gilbert | C96: St. Mary's Choral Society, Clonmel | D96: Beauty & The Beast | E96: 45760 | F96: 45767 | G96: 45766 | H96: link | I96: Des Henn | J96: Niall Kelly | K96: Barbara Meany
A97: Eastern | B97: Gilbert | C97: St. Marys Musical Society, Navan | D97: Evita | E97: 45755 | F97: 45760 | G97: 45759 | H97: link | I97: Sharon McNamara | J97: Dr. Dylan Browne | K97: Laura Douglas | M97: St. Mary's Arklow
A98: Midlands | B98: Gilbert | C98: St. Mel's Musical Society, Longford | D98: Me and My Girl | E98: 45768 | F98: 45773 | G98: 45773 | H98: link | I98: Peter Kennedy | J98: Fintan Farrelly | K98: Dylan O'Keeffe
A99: Northern | B99: Gilbert | C99: St. Patrick's Choral Society, Downpatrick | D99: The Sound of Music | E99: 45741 | F99: 45745 | G99: 45744 | H99: link | I99: Gary Warnock | J99: Wilson Shields | K99: Alexx MacFarlane
A100: Northern | B100: Gilbert | C100: St. Patrick's Choral Society, Downpatrick | D100: Footloose | E100: 45609 | F100: 45612 | G100: n/a | H100: n/a
...
